CandidateID,ObservationID,RMSE_RA,RMSE_Dec,RA,Dec,ApproachColor,AstrometryStatus,ExposureTime,EncoderRA,EncoderDec,SkyBackground,Temperature,Dataset,CaptureStartEpoch,Focus,RAOffset,DecOffset,SystemName,CameraName,ProcessingCode,Submitted
-3492514771145444681,1,0.4,0.47,211.1985,0.9622,RED,0,1.0,212.89095,-3.76601,-1.0,19229.0,C9CK882_1_20230614_211654_20230614_211721,1686802641,-1.0,19229.0,19229.0,TMO,PMUSBCam00,0,0
-247841335743448065,2,0.63,1.06,197.958,-31.7559,RED,0,1.0,198.67795,-30.85366,-1.0,19229.0,C9CJ2Z2_2_20230614_213654_20230614_213722,1686803843,-1.0,19229.0,19229.0,TMO,PMUSBCam00,0,0
-3492514771145444681,3,0.4,0.47,211.1985,0.9622,RED,0,1.0,212.5308,-3.00666,-1.0,19229.0,C9CK882_2_20230614_214655_20230614_214719,1686804440,-1.0,19229.0,19229.0,TMO,PMUSBCam00,0,0
-1391126443251608293,4,3.81,2.56,246.657,8.8618,ORANGE,0,1.0,271.09261,16.99001,-1.0,19229.0,C3R7HJ1_2_20230614_222437_20230614_222516,1686806717,-1.0,19229.0,19229.0,TMO,PMUSBCam00,0,0
-3832171067584810571,5,0.51,0.62,260.781,5.3157,GREEN,0,3.0,260.84504,5.31046,-1.0,19229.0,P21FZtq_1_20230614_224949_20230614_225007,1686808207,-1.0,19229.0,19229.0,TMO,PMUSBCam00,0,0
-1391126443251608293,6,3.81,2.56,246.657,8.8618,ORANGE,0,1.0,271.03708,17.14653,-1.0,19229.0,C3R7HJ1_3_20230614_232649_20230614_232706,1686810427,-1.0,19229.0,19229.0,TMO,PMUSBCam00,0,0
6039074776772545890,7,90.39,21.64,280.8,22.6968,BLACK,0,1.0,274.307,23.58037,-1.0,19229.0,C3R7GH1_1_20230614_233643_20230614_233703,1686811023,-1.0,19229.0,19229.0,TMO,PMUSBCam00,0,0
-3832171067584810571,8,0.51,0.62,260.781,5.3157,GREEN,0,3.0,260.82316,5.31212,-1.0,19229.0,P21FZtq_2_20230614_235153_20230614_235211,1686811931,-1.0,19229.0,19229.0,TMO,PMUSBCam00,0,0
-1391126443251608293,9,3.81,2.56,246.657,8.8618,ORANGE,0,1.0,270.93333,17.25889,-1.0,19229.0,C3R7HJ1_4_20230615_002648_20230615_002707,1686814027,-1.0,19229.0,19229.0,TMO,PMUSBCam00,0,0
6039074776772545890,10,90.39,21.64,280.8,22.6968,BLACK,0,1.0,274.39042,23.57496,-1.0,19229.0,C3R7GH1_2_20230615_003643_20230615_003722,1686814642,-1.0,19229.0,19229.0,TMO,PMUSBCam00,0,0
-1391126443251608293,11,3.81,2.56,246.657,8.8618,ORANGE,0,1.0,270.8743,17.24251,-1.0,19229.0,C3R7HJ1_5_20230615_005444_20230615_005504,1686815704,-1.0,19229.0,19229.0,TMO,PMUSBCam00,0,0
-2002748453920263770,12,91.88,83.29,313.5,-24.8404,GREEN,0,1.0,313.52459,-24.90776,-1.0,19229.0,C9CU8E2_1_20230615_021653_20230615_021721,1686820641,-1.0,19229.0,19229.0,TMO,PMUSBCam00,0,0
-2002748453920263770,13,91.88,83.29,313.5,-24.8404,GREEN,0,1.0,313.54727,-24.85228,-1.0,19229.0,C9CU8E2_2_20230615_031652_20230615_031712,1686824232,-1.0,19229.0,19229.0,TMO,PMUSBCam00,0,0
-7792900185572310610,14,3.26,2.87,323.475,0.7403,GREEN,1,2.0,323.69469,0.40347,20.98,14.663,P21G0FQ_2_20230615_032653_20230615_032715,1686824836,50079.0,0.03847,0.0026,TMO,PMUSBCam00,0,0
-688043967441569647,15,1.3,2.21,222.7485,14.3064,GREEN,0,3.0,223.16418,13.67596,-1.0,19229.0,P21G3z1_1_20230616_210956_20230616_211022,1686975022,-1.0,19229.0,19229.0,TMO,PMUSBCam00,0,0
78536327937205401,16,12.46,2.27,232.3365,-20.9433,GREEN,0,1.0,232.30138,-20.88421,-1.0,19229.0,P11G7Lc_1_20230616_214658_20230616_214722,1686977242,-1.0,19229.0,19229.0,TMO,PMUSBCam00,0,0
-688043967441569647,17,1.3,2.21,222.7485,14.3064,GREEN,0,3.0,223.16916,13.71045,-1.0,19229.0,P21G3z1_2_20230616_215559_20230616_215620,1686977780,-1.0,19229.0,19229.0,TMO,PMUSBCam00,0,0
78536327937205401,18,12.46,2.27,232.3365,-20.9433,GREEN,0,1.0,232.28044,-20.89807,-1.0,19229.0,P11G7Lc_2_20230616_225659_20230616_225717,1686981438,-1.0,19229.0,19229.0,TMO,PMUSBCam00,0,0
1274049195571864023,19,30.24,22.29,252.5265,-4.4215,GREEN,0,2.0,252.39968,-3.77244,-1.0,19229.0,P21G6MB_2_20230616_232146_20230616_232207,1686982927,-1.0,19229.0,19229.0,TMO,PMUSBCam00,0,0
-2604574917440216418,20,3.76,0.83,227.391,-20.8752,RED,0,1.0,254.26059,-15.92466,-1.0,19229.0,P21G2l8_2_20230616_234645_20230616_234721,1686984441,-1.0,19229.0,19229.0,TMO,PMUSBCam00,0,0
9047889947011798031,21,0.52,0.47,269.235,-5.107,ORANGE,0,1.0,232.28044,-20.89807,-1.0,19229.0,P11G7Lc_2_20230616_225659_20230616_225717,1686981438,-1.0,19229.0,19229.0,TMO,PMUSBCam00,0,0
1635373387940732611,22,0.71,0.9,282.9615,-16.1464,ORANGE,0,1.0,284.18901,-12.83083,-1.0,19229.0,A10VGH6_2_20230617_003655_20230617_003714,1686987434,-1.0,19229.0,19229.0,TMO,PMUSBCam00,0,0
-6340085203728655184,23,0.51,0.41,304.6545,-4.9343,GREEN,0,2.0,304.85205,-4.84551,-1.0,19229.0,P21G4Bg_1_20230617_011959_20230617_012017,1686990018,-1.0,19229.0,19229.0,TMO,PMUSBCam00,0,0
-1489022695106006159,24,0.56,0.76,307.4385,-6.228,ORANGE,0,1.0,307.70467,-6.65747,-1.0,19229.0,P21G4Bh_1_20230617_022654_20230617_022712,1686994033,-1.0,19229.0,19229.0,TMO,PMUSBCam00,0,0
-688043967441569647,25,1.3,2.21,222.7485,14.3064,GREEN,0,3.0,223.95618,12.26353,-1.0,19229.0,P21G3z1_1_20230617_214049_20230617_214109,1687063270,-1.0,19229.0,19229.0,TMO,PMUSBCam00,0,0
-688043967441569647,26,1.3,2.21,222.7485,14.3064,GREEN,0,3.0,223.99959,12.18062,-1.0,19229.0,P21G3z1_2_20230617_232259_20230617_232318,1687069399,-1.0,19229.0,19229.0,TMO,PMUSBCam00,0,0
1274049195571864023,27,30.24,22.29,252.5265,-4.4215,GREEN,0,3.0,252.08117,-2.39172,-1.0,19229.0,P21G6MB_1_20230618_003458_20230618_003517,1687073717,-1.0,19229.0,19229.0,TMO,PMUSBCam00,0,0
-8443487390166514994,28,141921.91,61755.43,295.377,-30.7168,RED,0,2.0,293.34866,-30.94591,-1.0,19229.0,P11Gebp_1_20230618_021340_20230618_021403,1687079643,-1.0,19229.0,19229.0,TMO,PMUSBCam00,0,0
6680585330693508659,29,73.35,28.77,308.2305,-27.3029,ORANGE,0,1.0,301.85539,-25.22974,-1.0,19229.0,P11G9c0_1_20230618_023648_20230618_023722,1687081042,-1.0,19229.0,19229.0,TMO,PMUSBCam00,0,0
-8443487390166514994,30,141921.91,61755.43,295.377,-30.7168,RED,-1,2.0,301.62789,-25.15316,20.7,14.663,P11G9c0_2_20230618_033647_20230618_033807,1687084688,50199.0,0.01454,-0.07546,TMO,PMUSBCam00,0,0
6680585330693508659,31,73.35,28.77,308.2305,-27.3029,ORANGE,-1,1.0,301.62789,-25.15316,20.7,14.663,P11G9c0_2_20230618_033647_20230618_033807,1687084688,50199.0,0.01454,-0.07546,TMO,PMUSBCam00,0,0
-5232711425631170513,32,1.01,1.17,261.855,11.4959,GREEN,0,3.0,262.55154,11.09951,-1.0,19229.0,P21G8zr_1_20230619_003247_20230619_003315,1687159995,-1.0,19229.0,19229.0,TMO,PMUSBCam00,0,0
-5232711425631170513,33,1.01,1.17,261.855,11.4959,GREEN,0,3.0,262.5009,11.11134,-1.0,19229.0,P21G8zr_2_20230619_014246_20230619_014303,1687164184,-1.0,19229.0,19229.0,TMO,PMUSBCam00,0,0
-604078194486163983,34,0.6,0.78,277.491,15.9873,GREEN,0,1.0,276.15371,18.75644,-1.0,19229.0,C9CXVK2_1_20230619_022252_20230619_022311,1687166591,-1.0,19229.0,19229.0,TMO,PMUSBCam00,0,0
-8415318107769656315,35,0.47,0.52,233.0985,-12.3215,GREEN,0,2.0,232.87523,-12.5038,-1.0,19229.0,P11Gnt6_1_20230619_231951_20230619_232011,1687242011,-1.0,19229.0,19229.0,TMO,PMUSBCam00,0,0
577450770409363303,36,0.25,0.73,246.945,4.4058,ORANGE,0,1.0,247.06555,4.97389,-1.0,19229.0,C3R7LQ1_1_20230619_234653_20230619_234720,1687243641,-1.0,19229.0,19229.0,TMO,PMUSBCam00,0,0
-8415318107769656315,37,0.47,0.52,233.0985,-12.3215,GREEN,0,2.0,232.68275,-12.56779,-1.0,19229.0,P11Gnt6_2_20230620_003454_20230620_003511,1687246512,-1.0,19229.0,19229.0,TMO,PMUSBCam00,0,0
-5189763382017157550,38,5.45,6.4,338.961,-24.6086,GREEN,1,1.0,341.69012,-24.92157,20.67,14.663,P21G9k7_2_20230620_041436_20230620_041512,1687259712,49591.3,0.04016,-0.01085,TMO,PMUSBCam00,0,0
5829369461545291883,39,0.94,0.52,239.397,-6.6078,GREEN,0,1.0,239.81674,-6.76784,-1.0,19229.0,C3R8U21_1_20230621_212646_20230621_212713,1687408033,-1.0,19229.0,19229.0,TMO,PMUSBCam00,0,0
8699749693724536533,40,0.75,1.12,255.0,-11.376,GREEN,0,1.0,253.68186,-13.95113,-1.0,19229.0,P11Gvl8_1_20230621_213453_20230621_213536,1687408537,-1.0,19229.0,19229.0,TMO,PMUSBCam00,0,0
4485452725565931693,41,2.07,1.05,238.407,-21.1473,ORANGE,0,1.0,237.95284,-20.72643,-1.0,19229.0,3FK2921_2_20230621_215655_20230621_215717,1687409837,-1.0,19229.0,19229.0,TMO,PMUSBCam00,0,0
5829369461545291883,42,0.94,0.52,239.397,-6.6078,GREEN,0,1.0,239.60782,-6.72467,-1.0,19229.0,C3R8U21_2_20230621_220647_20230621_220730,1687410450,-1.0,19229.0,19229.0,TMO,PMUSBCam00,0,0
8699749693724536533,43,0.75,1.12,255.0,-11.376,GREEN,0,1.0,253.6999,-13.91075,-1.0,19229.0,P11Gvl8_2_20230621_221453_20230621_221536,1687410936,-1.0,19229.0,19229.0,TMO,PMUSBCam00,0,0
-211122722624155496,44,67.55,80.63,250.278,-16.4208,GREEN,0,3.0,249.77632,-15.68475,-1.0,19229.0,P21GcUR_1_20230621_223442_20230621_223502,1687412102,-1.0,19229.0,19229.0,TMO,PMUSBCam00,0,0
-1576985396186729014,45,35.32,25.74,243.6045,-9.256,RED,0,3.0,243.70703,-8.80959,-1.0,19229.0,P11Gvm4_1_20230622_004056_20230622_004115,1687419675,-1.0,19229.0,19229.0,TMO,PMUSBCam00,0,0
-6062202156879771826,46,2.92,7.57,311.5485,-22.4823,ORANGE,0,1.0,308.16007,-24.14424,-1.0,19229.0,3FJ1H21_1_20230622_024244_20230622_024302,1687426982,-1.0,19229.0,19229.0,TMO,PMUSBCam00,0,0
-4178658983615945035,47,0.93,0.81,325.1715,-29.5331,GREEN,0,1.0,325.37683,-29.47005,-1.0,19229.0,JCMH490_1_20230622_025556_20230622_025639,1687427799,-1.0,19229.0,19229.0,TMO,PMUSBCam00,0,0
-6062202156879771826,48,2.92,7.57,311.5485,-22.4823,ORANGE,0,1.0,308.09698,-24.08702,-1.0,19229.0,3FJ1H21_2_20230622_031456_20230622_031520,1687428920,-1.0,19229.0,19229.0,TMO,PMUSBCam00,0,0
-4178658983615945035,49,0.93,0.81,325.1715,-29.5331,GREEN,0,1.0,325.39679,-29.46263,-1.0,19229.0,JCMH490_2_20230622_034656_20230622_034739,1687430859,-1.0,19229.0,19229.0,TMO,PMUSBCam00,0,0
-5189763382017157550,50,5.45,6.4,338.961,-24.6086,GREEN,-1,1.0,343.18511,-25.08857,19.69,14.663,P21G9k7_2_20230622_041457_20230622_041540,1687432541,49854.0,0.02027,0.03575,TMO,PMUSBCam00,0,0
1767545272037739719,51,0.54,0.67,250.2015,16.2731,ORANGE,0,1.0,250.9264,8.75755,-1.0,19229.0,P11GxNv_1_20230622_222251_20230622_222311,1687497791,-1.0,19229.0,19229.0,TMO,PMUSBCam00,0,0
-3432361130523455187,52,0.69,0.65,265.983,4.3567,ORANGE,0,1.0,258.70982,10.11091,-1.0,19229.0,Sar2689_1_20230622_224646_20230622_224705,1687499226,-1.0,19229.0,19229.0,TMO,PMUSBCam00,0,0
-3432361130523455187,53,0.69,0.65,265.983,4.3567,ORANGE,0,1.0,259.07656,9.816,-1.0,19229.0,Sar2689_2_20230622_232656_20230622_232717,1687501637,-1.0,19229.0,19229.0,TMO,PMUSBCam00,0,0
8699749693724536533,54,0.75,1.12,255.0,-11.376,GREEN,0,2.0,254.54876,-12.28394,-1.0,19229.0,P11Gvl8_2_20230623_000842_20230623_000900,1687504140,-1.0,19229.0,19229.0,TMO,PMUSBCam00,0,0
1767545272037739719,55,0.54,0.67,250.2015,16.2731,ORANGE,0,1.0,250.80875,9.55976,-1.0,19229.0,P11GxNv_2_20230623_004251_20230623_004310,1687506190,-1.0,19229.0,19229.0,TMO,PMUSBCam00,0,0
-3507296335524200818,56,18.45,30.64,315.99,-8.8555,GREEN,0,2.0,315.78208,-9.31685,-1.0,19229.0,P21GyQj_1_20230623_014348_20230623_014406,1687509847,-1.0,19229.0,19229.0,TMO,PMUSBCam00,0,0
58786733003587475,57,9.65,1.6,305.247,-6.0821,GREEN,0,3.0,306.49915,-6.23412,-1.0,19229.0,P21GyDW_2_20230623_021248_20230623_021306,1687511586,-1.0,19229.0,19229.0,TMO,PMUSBCam00,0,0
-3507296335524200818,58,18.45,30.64,315.99,-8.8555,GREEN,0,2.0,315.77597,-9.27426,-1.0,19229.0,P21GyQj_2_20230623_024648_20230623_024706,1687513626,-1.0,19229.0,19229.0,TMO,PMUSBCam00,0,0
-9162494265766252804,59,0.52,0.47,256.9635,-3.698,ORANGE,0,1.0,256.90904,-3.9924,-1.0,19229.0,A10VKeW_1_20230623_220642_20230623_220704,1687583224,-1.0,19229.0,19229.0,TMO,PMUSBCam00,0,0
-4068778488211073458,60,0.0,0.0,252.165,-5.2625,GREEN,0,1.0,252.20764,-5.24456,-1.0,19229.0,P11GB8H_2_20230623_221543_20230623_221602,1687583762,-1.0,19229.0,19229.0,TMO,PMUSBCam00,0,0
7701143179676495882,61,0.99,0.8,262.887,0.9653,GREEN,0,3.0,262.942,0.95979,-1.0,19229.0,P21GxRx_1_20230623_222950_20230623_223024,1687584624,-1.0,19229.0,19229.0,TMO,PMUSBCam00,0,0
1873651194694677363,62,1.3,0.76,256.656,22.7401,GREEN,0,2.0,256.7091,22.72515,-1.0,19229.0,C9CZK12_1_20230623_230852_20230623_230915,1687586955,-1.0,19229.0,19229.0,TMO,PMUSBCam00,0,0
7701143179676495882,63,0.99,0.8,262.887,0.9653,GREEN,0,3.0,262.88107,0.96396,-1.0,19229.0,P21GxRx_2_20230623_233252_20230623_233335,1687588415,-1.0,19229.0,19229.0,TMO,PMUSBCam00,0,0
-9162494265766252804,64,0.52,0.47,256.9635,-3.698,ORANGE,0,1.0,257.07697,-3.64772,-1.0,19229.0,A10VKeW_2_20230624_001644_20230624_001706,1687591026,-1.0,19229.0,19229.0,TMO,PMUSBCam00,0,0
-3507296335524200818,65,18.45,30.64,315.99,-8.8555,GREEN,0,2.0,316.07866,-8.78653,-1.0,19229.0,P21GyQj_1_20230624_013750_20230624_013823,1687595903,-1.0,19229.0,19229.0,TMO,PMUSBCam00,0,0
-2705407377616168705,66,2.31,0.84,317.4075,8.7649,GREEN,0,1.0,318.21094,9.1059,-1.0,19229.0,C9D0L02_2_20230624_020249_20230624_020307,1687597388,-1.0,19229.0,19229.0,TMO,PMUSBCam00,0,0
58786733003587475,67,9.65,1.6,305.247,-6.0821,GREEN,0,3.0,305.08859,-6.06941,-1.0,19229.0,P21GyDW_2_20230624_022151_20230624_022209,1687598530,-1.0,19229.0,19229.0,TMO,PMUSBCam00,0,0
-3507296335524200818,68,18.45,30.64,315.99,-8.8555,GREEN,0,2.0,316.07045,-8.80324,-1.0,19229.0,P21GyQj_2_20230624_025550_20230624_025607,1687600568,-1.0,19229.0,19229.0,TMO,PMUSBCam00,0,0
-8207918159738981738,69,13.75,8.06,333.966,-12.1744,GREEN,1,2.0,334.06466,-12.08417,19.95,38.465,P11GBMr_2_20230624_041836_20230624_041904,1687605544,50058.7,0.02417,0.06012,TMO,PMUSBCam00,0,0
-9162494265766252804,70,0.52,0.47,256.9635,-3.698,ORANGE,0,1.0,259.20064,0.53117,-1.0,19229.0,A10VKeW_1_20230624_221256_20230624_221317,1687669998,-1.0,19229.0,19229.0,TMO,PMUSBCam00,0,0
7701143179676495882,71,0.99,0.8,262.887,0.9653,GREEN,0,3.0,262.61327,1.01563,-1.0,19229.0,P21GxRx_1_20230624_234341_20230624_234406,1687675446,-1.0,19229.0,19229.0,TMO,PMUSBCam00,0,0
-1508352795820126010,72,0.2,0.03,231.99,-2.4993,GREEN,0,1.0,231.65771,-2.39387,-1.0,19229.0,C9DCAU2_3_20230625_223436_20230625_223519,1687757719,-1.0,19229.0,19229.0,TMO,PMUSBCam00,0,0
1850213576761346356,73,0.84,0.7,267.657,2.6052,GREEN,1,3.0,267.63696,2.60893,20.26,36.266,C9CYHH2_2_20230625_233437_20230625_233500,1687761300,49939.6,0.03602,-0.03045,TMO,PMUSBCam00,0,0
4167253793382699174,74,0.66,0.72,260.8335,-4.4023,GREEN,0,3.0,261.1273,-4.62839,-1.0,19229.0,C9DM1Z2_2_20230626_234737_20230626_234813,1687848494,-1.0,19229.0,19229.0,TMO,PMUSBCam00,0,0
6281027841436253595,75,1.49,2.21,343.149,29.2433,GREEN,1,1.0,342.86244,28.77144,20.53,42.375,P21GELa_2_20230627_034436_20230627_034503,1687862703,49777.1,0.0425,-0.00032,TMO,PMUSBCam00,0,0
4167253793382699174,76,0.66,0.72,260.8335,-4.4023,GREEN,0,3.0,260.86975,-4.40542,-1.0,19229.0,C9DM1Z2_1_20230627_214959_20230627_215027,1687927827,-1.0,19229.0,19229.0,TMO,PMUSBCam00,0,0
-8756234267939722851,77,46.84,34.67,327.729,8.0797,GREEN,0,3.0,328.64727,7.19655,-1.0,19229.0,P21GGRT_1_20230628_012149_20230628_012212,1687940532,-1.0,19229.0,19229.0,TMO,PMUSBCam00,0,0
6281027841436253595,78,1.49,2.21,343.149,29.2433,GREEN,0,1.0,343.33453,29.363,-1.0,19229.0,P21GELa_1_20230628_015554_20230628_015617,1687942578,-1.0,19229.0,19229.0,TMO,PMUSBCam00,0,0
-8756234267939722851,79,46.84,34.67,327.729,8.0797,GREEN,0,3.0,328.60172,7.22496,-1.0,19229.0,P21GGRT_2_20230628_030753_20230628_030826,1687946906,-1.0,19229.0,19229.0,TMO,PMUSBCam00,0,0
554364634443156092,80,0.52,0.29,255.24,47.2178,GREEN,0,1.0,256.07879,47.00564,-1.0,19229.0,C3RA2R1_2_20230629_015648_20230629_015732,1688029052,-1.0,19229.0,19229.0,TMO,PMUSBCam00,0,0
-142808383545676011,81,0.78,0.76,333.4425,-18.8313,GREEN,0,1.0,331.63796,-20.3911,-1.0,19229.0,P11GIGR_1_20230629_031644_20230629_031728,1688033848,-1.0,19229.0,19229.0,TMO,PMUSBCam00,0,0
1802187316952133700,82,0.95,0.56,326.625,-18.7896,ORANGE,0,2.0,326.18284,-18.93942,-1.0,19229.0,P11GIGS_2_20230629_033644_20230629_033701,1688035021,-1.0,19229.0,19229.0,TMO,PMUSBCam00,0,0
-142808383545676011,83,0.78,0.76,333.4425,-18.8313,GREEN,0,1.0,331.70758,-20.25897,-1.0,19229.0,P11GIGR_2_20230629_041259_20230629_041316,1688037197,-1.0,19229.0,19229.0,TMO,PMUSBCam00,0,0
-4684566162442989164,84,46.9,47.72,337.671,10.4387,GREEN,0,3.0,337.90895,9.57398,-1.0,19229.0,P21GJLK_1_20230630_020956_20230630_021014,1688116215,-1.0,19229.0,19229.0,TMO,PMUSBCam00,0,0
-142808383545676011,85,0.78,0.76,333.4425,-18.8313,GREEN,0,1.0,332.93887,-19.26014,-1.0,19229.0,P11GIGR_1_20230630_024455_20230630_024514,1688118314,-1.0,19229.0,19229.0,TMO,PMUSBCam00,0,0
-2252561360185016390,86,3.5,2.01,319.6845,-4.9102,GREEN,0,1.0,320.68709,-4.29073,-1.0,19229.0,P21GKdD_2_20230630_030451_20230630_030500,1688119500,-1.0,19229.0,19229.0,TMO,PMUSBCam00,0,0
-4684566162442989164,87,46.9,47.72,337.671,10.4387,GREEN,0,3.0,337.885,9.60211,-1.0,19229.0,P21GJLK_2_20230630_031956_20230630_032028,1688120428,-1.0,19229.0,19229.0,TMO,PMUSBCam00,0,0
-142808383545676011,88,0.78,0.76,333.4425,-18.8313,GREEN,1,1.0,332.97871,-19.19161,20.57,44.819,P11GIGR_2_20230630_035455_20230630_035514,1688122514,50874.8,0.02688,0.08067,TMO,PMUSBCam00,0,0
-4883540637032323948,89,0.54,0.61,245.3715,16.1654,GREEN,0,1.0,245.49308,16.01999,-1.0,19229.0,C9DUKP2_1_20230706_215346_20230706_215429,1688705669,-1.0,19229.0,19229.0,TMO,PMUSBCam00,0,0
6761236102758790467,90,0.6,0.87,231.2745,23.5339,GREEN,0,2.0,231.49083,20.76175,-1.0,19229.0,C9DUJ32_1_20230706_220752_20230706_220819,1688706499,-1.0,19229.0,19229.0,TMO,PMUSBCam00,0,0
-3862126717677096564,91,0.34,0.29,250.329,3.8635,GREEN,0,3.0,250.70725,3.38015,-1.0,19229.0,P21GN7t_2_20230706_223658_20230706_223718,1688708238,-1.0,19229.0,19229.0,TMO,PMUSBCam00,0,0
-4883540637032323948,92,0.54,0.61,245.3715,16.1654,GREEN,0,1.0,245.64994,15.85033,-1.0,19229.0,C9DUKP2_2_20230706_231045_20230706_231104,1688710265,-1.0,19229.0,19229.0,TMO,PMUSBCam00,0,0
6761236102758790467,93,0.6,0.87,231.2745,23.5339,GREEN,0,2.0,231.46073,20.87545,-1.0,19229.0,C9DUJ32_2_20230706_232954_20230706_233015,1688711416,-1.0,19229.0,19229.0,TMO,PMUSBCam00,0,0
-4722925138556258240,94,67.88,72.31,264.5295,6.0497,GREEN,0,3.0,269.59025,8.19819,-1.0,19229.0,P21GNQK_1_20230707_212939_20230707_213009,1688790609,-1.0,19229.0,19229.0,TMO,PMUSBCam00,0,0
-3862126717677096564,95,0.34,0.29,250.329,3.8635,GREEN,0,2.0,250.30177,3.88898,-1.0,19229.0,P21GN7t_1_20230707_220458_20230707_220543,1688792744,-1.0,19229.0,19229.0,TMO,PMUSBCam00,0,0
6761236102758790467,96,0.6,0.87,231.2745,23.5339,GREEN,0,2.0,231.26234,23.75194,-1.0,19229.0,C9DUJ32_1_20230707_224950_20230707_225011,1688795411,-1.0,19229.0,19229.0,TMO,PMUSBCam00,0,0
-3862126717677096564,97,0.34,0.29,250.329,3.8635,GREEN,0,2.0,250.30843,3.73414,-1.0,19229.0,P21GN7t_2_20230707_231458_20230707_231523,1688796923,-1.0,19229.0,19229.0,TMO,PMUSBCam00,0,0
-4722925138556258240,98,67.88,72.31,264.5295,6.0497,GREEN,0,3.0,269.51523,8.13346,-1.0,19229.0,P21GNQK_2_20230707_234458_20230707_234522,1688798722,-1.0,19229.0,19229.0,TMO,PMUSBCam00,0,0
-4684566162442989164,99,46.9,47.72,337.671,10.4387,GREEN,0,3.0,337.54642,11.1383,-1.0,19229.0,P21GJLK_1_20230708_010448_20230708_010519,1688803519,-1.0,19229.0,19229.0,TMO,PMUSBCam00,0,0
-8756234267939722851,100,46.84,34.67,327.729,8.0797,GREEN,0,3.0,327.74495,8.16083,-1.0,19229.0,P21GGRT_2_20230708_022947_20230708_023005,1688808605,-1.0,19229.0,19229.0,TMO,PMUSBCam00,0,0
-6988288239803556338,101,70.15,56.04,329.403,22.8683,GREEN,0,3.0,329.65683,22.56828,-1.0,19229.0,P21GIIj_2_20230708_030947_20230708_031005,1688811005,-1.0,19229.0,19229.0,TMO,PMUSBCam00,0,0
-4684566162442989164,102,46.9,47.72,337.671,10.4387,GREEN,1,3.0,337.48311,11.12999,19.45,97.361,P21GJLK_2_20230708_034447_20230708_034505,1688813106,50555.7,0.02474,0.00781,TMO,PMUSBCam00,0,0
-4722925138556258240,103,67.88,72.31,264.5295,6.0497,GREEN,0,3.0,269.02724,7.97678,-1.0,19229.0,P21GNQK_3_20230708_235438_20230708_235505,1688885705,-1.0,19229.0,19229.0,TMO,PMUSBCam00,0,0
-1403580517786873930,104,0.77,0.15,308.6985,-3.9516,GREEN,0,1.0,309.26766,-3.96953,-1.0,19229.0,C9E3TW2_1_20230709_010245_20230709_010302,1688889783,-1.0,19229.0,19229.0,TMO,PMUSBCam00,0,0
4528555309728006989,105,396.4,268.58,311.0745,-17.4602,ORANGE,0,1.0,311.20198,-18.61555,-1.0,19229.0,C9E2GF2_1_20230709_011647_20230709_011712,1688890632,-1.0,19229.0,19229.0,TMO,PMUSBCam00,0,0
-3219710885858974991,106,249.86,124.69,306.552,-14.443,ORANGE,0,2.0,306.88421,-14.92643,-1.0,19229.0,C1083W3_2_20230709_013642_20230709_013701,1688891821,-1.0,19229.0,19229.0,TMO,PMUSBCam00,0,0
-1403580517786873930,107,0.77,0.15,308.6985,-3.9516,GREEN,0,1.0,309.35558,-3.96485,-1.0,19229.0,C9E3TW2_2_20230709_020245_20230709_020302,1688893382,-1.0,19229.0,19229.0,TMO,PMUSBCam00,0,0
4528555309728006989,108,396.4,268.58,311.0745,-17.4602,ORANGE,0,1.0,311.15514,-18.87295,-1.0,19229.0,C9E2GF2_2_20230709_021647_20230709_021705,1688894226,-1.0,19229.0,19229.0,TMO,PMUSBCam00,0,0
-9205125897851597540,109,190548.9,8639.13,276.339,-2.8273,BLACK,0,1.0,276.12041,-1.99247,-1.0,19229.0,7N28001_1_20230709_231647_20230709_231710,1688969830,-1.0,19229.0,19229.0,TMO,PMUSBCam00,0,0
2785425037107275217,110,1.85,10.72,291.3225,-20.5058,GREEN,0,2.0,291.45135,-20.8875,-1.0,19229.0,P21GQCk_1_20230709_232455_20230709_232533,1688970334,-1.0,19229.0,19229.0,TMO,PMUSBCam00,0,0
-9205125897851597540,111,190548.9,8639.13,276.339,-2.8273,BLACK,0,1.0,276.11215,-1.9762,-1.0,19229.0,7N28001_2_20230709_235655_20230709_235713,1688972233,-1.0,19229.0,19229.0,TMO,PMUSBCam00,0,0
2785425037107275217,112,1.85,10.72,291.3225,-20.5058,GREEN,0,2.0,291.42177,-20.8451,-1.0,19229.0,P21GQCk_2_20230710_004348_20230710_004407,1688975047,-1.0,19229.0,19229.0,TMO,PMUSBCam00,0,0
-8629842434111371518,113,0.76,0.71,307.182,9.6088,GREEN,0,2.0,306.99988,8.32783,-1.0,19229.0,P21GQAw_1_20230710_011255_20230710_011339,1688976820,-1.0,19229.0,19229.0,TMO,PMUSBCam00,0,0
308918613979951600,114,37752.55,8717.53,310.35,-15.0189,RED,0,2.0,310.59701,-16.70235,-1.0,19229.0,HirtNJ2_1_20230710_020548_20230710_020608,1688979969,-1.0,19229.0,19229.0,TMO,PMUSBCam00,0,0
-8629842434111371518,115,0.76,0.71,307.182,9.6088,GREEN,0,2.0,307.01204,8.44444,-1.0,19229.0,P21GQAw_2_20230710_022953_20230710_023037,1688981438,-1.0,19229.0,19229.0,TMO,PMUSBCam00,0,0
308918613979951600,116,37752.55,8717.53,310.35,-15.0189,RED,0,2.0,310.58461,-16.72206,-1.0,19229.0,HirtNJ2_2_20230710_025853_20230710_025915,1688983156,-1.0,19229.0,19229.0,TMO,PMUSBCam00,0,0
4528555309728006989,117,396.4,268.58,311.0745,-17.4602,ORANGE,0,1.0,310.53884,-25.18119,-1.0,19229.0,C9E2GF2_1_20230710_032243_20230710_032317,1688984598,-1.0,19229.0,19229.0,TMO,PMUSBCam00,0,0
4528555309728006989,118,396.4,268.58,311.0745,-17.4602,ORANGE,0,1.0,310.52225,-25.29167,-1.0,19229.0,C9E2GF2_2_20230710_035259_20230710_035317,1688986397,-1.0,19229.0,19229.0,TMO,PMUSBCam00,0,0
-9205125897851597540,119,190548.9,8639.13,276.339,-2.8273,BLACK,0,1.0,276.13055,-2.15662,-1.0,19229.0,7N28001_1_20230710_220657_20230710_220724,1689052045,-1.0,19229.0,19229.0,TMO,PMUSBCam00,0,0
3045481517815194829,120,690.21,1200.15,269.85,31.2062,GREEN,0,1.0,270.05905,30.82627,-1.0,19229.0,C9EGU12_2_20230710_222258_20230710_222329,1689053009,-1.0,19229.0,19229.0,TMO,PMUSBCam00,0,0
-9205125897851597540,121,190548.9,8639.13,276.339,-2.8273,BLACK,0,1.0,276.12191,-2.15664,-1.0,19229.0,7N28001_2_20230710_223658_20230710_223719,1689053839,-1.0,19229.0,19229.0,TMO,PMUSBCam00,0,0
-5949888459006303465,122,0.6,1.17,302.103,-17.5845,GREEN,0,3.0,302.07695,-17.02178,-1.0,19229.0,C0HZG35_1_20230711_015450_20230711_015610,1689065771,-1.0,19229.0,19229.0,TMO,PMUSBCam00,0,0
-5949888459006303465,123,0.6,1.17,302.103,-17.5845,GREEN,0,3.0,302.08257,-16.9279,-1.0,19229.0,C0HZG35_2_20230711_031950_20230711_032008,1689070808,-1.0,19229.0,19229.0,TMO,PMUSBCam00,0,0
3866393117946370295,124,0.51,0.55,331.3965,18.6245,GREEN,-1,1.0,333.42076,21.9961,20.55,84.409,gb00565_2_20230725_020859_20230725_021019,1690276219,51426.8,19229.0,19229.0,TMO,PMUSBCam00,0,0
-4587808369888414342,125,5.3,1.2,9.531,33.2956,GREEN,1,2.0,9.34143,33.33221,19.31,3.687,CA0R5E2_1_20231215_181125,1702692685,48793.3,0.02341,0.06718,TMO,PMUSBCam00,0,0
-5707720560266283816,126,0.42,0.59,51.336,31.0004,GREEN,1,3.0,51.38359,31.0784,19.47,3.32,CA0F8Z2_1_20231215_183501,1702694101,48793.3,0.05239,0.0662,TMO,PMUSBCam00,0,0
-3007940384728684885,127,0.73,0.9,59.094,10.4983,GREEN,1,2.0,58.90916,13.13315,19.38,2.954,Sar2721_1_20231215_191344,1702696425,48793.4,0.05099,0.04207,TMO,PMUSBCam00,0,0
-6797363275496624348,128,0.15,0.19,64.1025,39.5048,ORANGE,1,1.0,63.19884,41.23062,19.53,3.32,CA1HMP2_1_20231215_193633,1702697793,48793.4,0.0442,0.0785,TMO,PMUSBCam00,0,0
6266394537063527767,129,0.66,1.19,337.8105,23.2017,ORANGE,1,2.0,337.87604,23.12708,19.42,3.137,CA17P92_1_20231215_194434,1702698274,48793.4,-0.00172,0.00655,TMO,PMUSBCam00,0,0
2306832624186003992,130,0.12,0.04,81.2955,13.9172,ORANGE,1,1.0,77.29372,15.97813,19.09,2.954,TF23L44_1_20231215_200751,1702699671,48793.4,0.0588,0.02312,TMO,PMUSBCam00,0,0
2348868871658692317,131,0.22,0.06,78.687,-1.7885,RED,1,1.0,74.59841,-3.83654,19.27,2.405,C42NTW1_1_20231215_210007,1702702807,48568.4,0.03934,0.0516,TMO,PMUSBCam00,0,0
4386911843267872920,132,98.41,68.79,92.184,45.5106,GREEN,1,3.0,92.60943,45.50976,19.27,2.588,P21ORkZ_1_20231215_210833,1702703313,48568.4,0.04884,0.06674,TMO,PMUSBCam00,0,0
1288018757339022597,133,13.77,15.91,81.1455,-35.8342,GREEN,-1,3.0,83.75095,-30.51408,19.21,2.222,n3c1093_1_20231215_214653,1702705614,48504.5,19229.0,19229.0,TMO,PMUSBCam00,0,0
6097146130034936235,134,1.19,6.35,102.1305,25.2308,GREEN,1,3.0,102.13803,25.79118,19.16,4.419,CA1QKN2_1_20231215_221930,1702707570,48504.5,0.04722,0.05207,TMO,PMUSBCam00,0,0
5635859913414300935,135,1.59,0.4,113.3715,19.8629,GREEN,1,3.0,114.39599,20.0167,19.48,4.602,P21Pypp_1_20231215_225733,1702709853,48504.5,0.05097,0.04857,TMO,PMUSBCam00,0,0
6792191366646578945,136,17.45,4.75,128.619,28.3752,GREEN,-1,3.0,128.74506,28.34104,19.12,5.151,CA160G2_1_20231215_233102,1702711862,48504.5,19229.0,19229.0,TMO,PMUSBCam00,0,0
-3692590363847251393,137,0.75,0.28,56.9145,18.4491,ORANGE,1,3.0,56.96956,18.52684,18.83,8.264,CA1CCJ2_1_20231216_183144,1702780304,49526.5,0.06402,0.04966,TMO,PMUSBCam00,0,0
-4441527119476307170,138,37556.02,13143.22,54.2085,15.3231,ORANGE,-1,1.0,54.23538,15.30003,18.33,8.173,P21PJmL_1_20231216_190525,1702782325,49526.5,19229.0,19229.0,TMO,PMUSBCam00,0,0
-3007940384728684885,139,0.73,0.9,59.094,10.4983,GREEN,-1,2.0,59.11051,10.50005,18.63,7.898,Sar2721_1_20231216_191824,1702783104,49526.5,19229.0,19229.0,TMO,PMUSBCam00,0,0
-2004877813501227889,140,2.15,5.64,347.0985,20.3794,ORANGE,1,2.0,347.05195,20.32999,19.37,7.715,CA17RE2_1_20231216_194603,1702784763,49441.5,0.00019,0.00899,TMO,PMUSBCam00,0,0
7490156236501732953,141,95.55,91.96,76.698,1.9391,ORANGE,1,2.0,76.77284,1.97699,19.05,7.715,P21PM5j_1_20231216_200904,1702786144,49441.5,0.05982,0.07181,TMO,PMUSBCam00,0,0
873600050563706095,142,0.41,0.74,81.648,11.2089,GREEN,1,1.0,81.79842,11.42663,18.31,7.715,P21PJuE_1_20231216_203205,1702787525,49441.5,0.05611,0.05954,TMO,PMUSBCam00,0,0
2306832624186003992,143,0.12,0.04,81.2955,13.9172,ORANGE,-1,1.0,81.54905,13.77802,18.44,7.715,TF23L44_1_20231216_205025,1702788625,49441.5,19229.0,19229.0,TMO,PMUSBCam00,0,0
4386911843267872920,144,98.41,68.79,92.184,45.5106,GREEN,-1,3.0,92.1555,45.5161,17.87,7.715,P21ORkZ_1_20231216_210332,1702789412,49441.5,19229.0,19229.0,TMO,PMUSBCam00,0,0
2348868871658692317,145,0.22,0.06,78.687,-1.7885,RED,1,1.0,79.19852,-1.91053,19.5,7.349,C42NTW1_1_20231216_213555,1702791355,49441.5,0.03308,0.04845,TMO,PMUSBCam00,0,0
6097146130034936235,146,1.19,6.35,102.1305,25.2308,GREEN,1,3.0,102.19168,25.2189,18.8,7.349,CA1QKN2_1_20231216_215347,1702792427,49441.5,0.05367,0.0527,TMO,PMUSBCam00,0,0
8242727449710401517,147,37.05,16.32,89.5485,-5.1931,GREEN,1,3.0,89.49773,-5.12458,18.1,7.349,P11PJpe_1_20231216_222639,1702794399,49441.5,0.03019,0.06045,TMO,PMUSBCam00,0,0
8147765591319442989,148,0.19,0.39,109.8855,29.8588,GREEN,1,2.0,109.48329,29.55565,19.59,7.532,P21PJvP_1_20231216_230434,1702796674,49508.5,0.04311,0.05947,TMO,PMUSBCam00,0,0
8467353946611044390,149,26.26,110.2,126.9765,16.4742,ORANGE,1,3.0,126.93052,16.03165,20.11,7.532,CA2EWT2_1_20231216_232755,1702798075,49508.5,0.05738,0.0465,TMO,PMUSBCam00,0,0
-6932367331919794429,150,20.29,3.21,117.324,18.3286,GREEN,1,1.0,118.02983,18.45008,20.25,7.349,CA2CQ42_1_20231217_000046,1702800046,49508.5,0.03693,0.04405,TMO,PMUSBCam00,0,0
-6782955994541896280,151,0.29,0.4,122.7015,-16.2122,ORANGE,1,1.0,122.23255,-16.31027,20.17,7.166,3ME2D21_1_20231217_001832,1702801112,49235.7,0.03662,0.06379,TMO,PMUSBCam00,0,0
3765069247033398824,152,0.28,0.19,121.176,-3.3834,GREEN,1,1.0,120.23038,-2.34461,20.2,7.349,P21PKST_1_20231217_002635,1702801595,49235.7,0.0315,0.05835,TMO,PMUSBCam00,0,0
-1236874601469583349,153,58.56,29.59,123.495,-3.8722,GREEN,1,3.0,123.47534,-3.45459,20.03,7.166,P21PKSS_1_20231217_003925,1702802365,49235.7,0.0314,0.05744,TMO,PMUSBCam00,0,0
5635859913414300935,154,1.59,0.4,113.3715,19.8629,GREEN,1,3.0,113.10741,19.88886,19.31,7.532,P21Pypp_1_20231217_011805,1702804685,49424.4,0.01352,0.05977,TMO,PMUSBCam00,0,0
2005692932212296534,155,33.86,14.78,112.0275,27.6944,GREEN,1,3.0,111.75629,27.55691,19.5,7.715,P21PJvO_1_20231217_015148,1702806708,49424.4,0.00838,0.06276,TMO,PMUSBCam00,0,0
7081504996069527787,156,1.2,3.7,346.998,-17.4265,GREEN,0,1.0,330.72078,34.26637,-1.0,19229.0,test_20230826_003755,1693035476,-1.0,19229.0,19229.0,TMO,PMUSBCam00,0,0
4980104411193478798,157,77644.72,24092.84,350.781,-6.7923,ORANGE,0,2.0,330.72078,34.26637,-1.0,19229.0,test_20230826_003755,1693035476,-1.0,19229.0,19229.0,TMO,PMUSBCam00,0,0
7081504996069527787,158,1.2,3.7,346.998,-17.4265,GREEN,0,1.0,330.72078,34.26637,-1.0,19229.0,test_20230826_003755,1693035476,-1.0,19229.0,19229.0,TMO,PMUSBCam00,0,0
-204903381531097711,159,20.1,7.94,339.7485,26.2797,GREEN,-1,1.0,339.83806,26.11009,19.45,128.886,C9JZKG2_1_20230925_210650,1695701210,50826.2,0.01815,-0.14559,TMO,PMUSBCam00,0,0
-4421474254378257727,160,127.5,10.39,2.49,19.2383,GREEN,-1,1.0,1.91115,18.6651,19.45,127.664,C9K5CY2_1_20230925_212015,1695702015,50826.2,19229.0,19229.0,TMO,PMUSBCam00,0,0
1224253218322967972,161,0.49,0.97,340.26,19.8613,GREEN,1,3.0,340.12689,21.65473,19.47,126.931,C9JZEN2_1_20230925_213243,1695702763,50826.2,0.00197,-0.07341,TMO,PMUSBCam00,0,0
1373601286200217521,162,0.39,0.67,8.163,23.212,GREEN,1,1.0,8.20681,22.986,19.5,127.419,C9K5732_1_20230925_220537,1695704737,50826.2,0.0242,-0.07518,TMO,PMUSBCam00,0,0
-3381306210494092846,163,0.3,0.1,330.2625,19.7433,GREEN,-1,1.0,331.10696,19.18211,19.5,126.931,C9K43N2_1_20230925_222345,1695705826,50826.2,19229.0,19229.0,TMO,PMUSBCam00,0,0
4282312233852582244,164,73.53,7.29,312.3915,18.4386,ORANGE,1,1.0,313.74252,18.16975,19.5,128.397,C3T2PF1_1_20230925_223058,1695706258,50826.2,-0.02441,-0.12821,TMO,PMUSBCam00,0,0
-8693313412151368176,165,0.46,0.09,309.492,22.163,ORANGE,1,1.0,307.49574,22.25666,19.5,128.152,C9K4172_1_20230925_223901,1695706741,50826.2,-0.02501,-0.16039,TMO,PMUSBCam00,0,0
1224253218322967972,166,0.49,0.97,340.26,19.8613,GREEN,1,3.0,340.1158,21.44487,19.52,128.886,C9JZEN2_2_20230925_225204,1695707525,50826.2,-0.01182,-0.17222,TMO,PMUSBCam00,0,0
-8693313412151368176,167,0.46,0.09,309.492,22.163,ORANGE,1,1.0,307.07411,22.31359,19.55,129.619,C9K4172_2_20230925_233018,1695709818,50092.2,-0.02785,-0.15538,TMO,PMUSBCam00,0,0
4282312233852582244,168,73.53,7.29,312.3915,18.4386,ORANGE,1,1.0,313.65714,18.1871,19.58,128.641,C3T2PF1_2_20230925_234346,1695710626,50092.2,-0.02691,-0.11576,TMO,PMUSBCam00,0,0
4087953251199141824,169,0.29,0.58,38.373,30.353,GREEN,1,3.0,38.70342,30.68159,19.58,129.619,P11KnYC_1_20230925_235154,1695711115,50092.2,0.0288,-0.15556,TMO,PMUSBCam00,0,0
-2892360582968790473,170,1.37,0.84,47.808,32.4123,GREEN,1,2.0,46.59829,32.49048,19.63,127.908,C9K1ZN2_1_20230926_002957,1695713398,50254.1,0.02457,-0.22677,TMO,PMUSBCam00,0,0
-8858586492115177883,171,0.12,0.23,50.052,36.5987,GREEN,1,3.0,50.30797,37.15148,19.66,126.931,C9K2MC2_1_20230926_005300,1695714780,50254.1,0.02061,-0.02769,TMO,PMUSBCam00,0,0
-8650810641087940585,172,23.76,14.93,43.6005,33.9688,GREEN,1,1.0,40.08094,28.82676,19.72,126.931,C9K7EK2_1_20230926_012542,1695716742,50254.1,0.00396,-0.14139,TMO,PMUSBCam00,0,0
-3381306210494092846,173,0.3,0.1,330.2625,19.7433,GREEN,1,1.0,331.88421,18.50285,19.75,126.442,C9K43N2_2_20230926_014338,1695717818,50055.2,-0.02781,-0.12216,TMO,PMUSBCam00,0,0
-204903381531097711,174,20.1,7.94,339.7485,26.2797,GREEN,1,1.0,340.00316,25.53591,19.8,126.442,C9JZKG2_2_20230926_020504,1695719104,50055.2,-0.0284,-0.16597,TMO,PMUSBCam00,0,0
-2875061742186604693,175,1.79,6.51,57.909,-20.0292,GREEN,1,3.0,58.10594,-20.70172,19.85,125.22,P11KnYB_1_20230926_021748,1695719868,50055.2,0.01086,0.02343,TMO,PMUSBCam00,0,0
-4421474254378257727,176,127.5,10.39,2.49,19.2383,GREEN,1,1.0,0.4838,17.23866,20.08,133.284,C9K5CY2_2_20230926_025540,1695722140,50245.2,-0.02756,-0.11046,TMO,PMUSBCam00,0,0
1373601286200217521,177,0.39,0.67,8.163,23.212,GREEN,1,1.0,8.1299,22.65836,20.23,127.419,C9K5732_2_20230926_030842,1695722922,50245.2,-0.0255,-0.1605,TMO,PMUSBCam00,0,0
-8650810641087940585,178,23.76,14.93,43.6005,33.9688,GREEN,1,1.0,40.42647,29.32568,20.42,127.419,C9K7EK2_2_20230926_033413,1695724453,50245.2,-0.01486,-0.22046,TMO,PMUSBCam00,0,0
-2892360582968790473,179,1.37,0.84,47.808,32.4123,GREEN,1,2.0,46.77235,32.34956,20.43,129.13,C9K1ZN2_2_20230926_035143,1695725503,50245.2,-0.01091,-0.31765,TMO,PMUSBCam00,0,0
-8858586492115177883,180,0.12,0.23,50.052,36.5987,GREEN,1,3.0,38.53207,30.48075,20.42,129.374,P11KnYC_2_20230926_045321,1695729202,49922.2,-0.02072,-0.22129,TMO,PMUSBCam00,0,0
4087953251199141824,181,0.29,0.58,38.373,30.353,GREEN,1,3.0,38.53207,30.48075,20.42,129.374,P11KnYC_2_20230926_045321,1695729202,49922.2,-0.02072,-0.22129,TMO,PMUSBCam00,0,0
4282312233852582244,182,73.53,7.29,312.3915,18.4386,ORANGE,1,1.0,312.33423,18.33085,19.06,130.352,C3T2PF1_1_20230926_203756,1695785876,50928.0,-0.00464,-0.09726,TMO,PMUSBCam00,0,0
4282312233852582244,183,73.53,7.29,312.3915,18.4386,ORANGE,-1,1.0,312.296,18.43201,18.93,130.841,C3T2PF1_2_20230926_210814,1695787694,50928.0,19229.0,19229.0,TMO,PMUSBCam00,0,0
-1682460988408187371,184,35.8,56.49,10.182,14.281,ORANGE,1,2.0,8.85496,15.55166,19.18,131.818,C9KQCN2_1_20230926_214845,1695790126,50411.0,0.03616,-0.02036,TMO,PMUSBCam00,0,0
-1682460988408187371,185,35.8,56.49,10.182,14.281,ORANGE,1,2.0,8.86189,15.50724,19.17,127.175,C9KQCN2_2_20230926_222352,1695792232,50411.0,0.02229,-0.00999,TMO,PMUSBCam00,0,0
-8650810641087940585,186,23.76,14.93,43.6005,33.9688,GREEN,1,1.0,44.64624,35.1479,19.19,133.284,C9K7EK2_1_20230927_001126,1695798686,50405.0,0.03166,-0.09323,TMO,PMUSBCam00,0,0
-8650810641087940585,187,23.76,14.93,43.6005,33.9688,GREEN,1,1.0,44.76465,35.33146,19.19,130.596,C9K7EK2_2_20230927_004752,1695800873,50405.0,0.02116,-0.08078,TMO,PMUSBCam00,0,0
-6302928801476387402,188,0.59,0.39,72.144,-31.732,GREEN,1,1.0,67.9882,-31.91851,19.31,128.397,P21KpDb_1_20230927_025134,1695808294,50360.0,0.01294,-0.08764,TMO,PMUSBCam00,0,0
-6302928801476387402,189,0.59,0.39,72.144,-31.732,GREEN,1,1.0,68.15128,-31.91463,19.13,138.172,P21KpDb_2_20230927_032749,1695810469,50360.0,-0.00127,-0.08255,TMO,PMUSBCam00,0,0
1402931782450081482,190,0.4,0.15,13.461,32.4058,ORANGE,1,1.0,14.94458,30.31056,18.85,134.751,SaMar40_1_20230927_230815,1695881295,50504.5,0.01346,-0.17662,TMO,PMUSBCam00,0,0
1402931782450081482,191,0.4,0.15,13.461,32.4058,ORANGE,1,1.0,15.08903,30.03033,18.84,130.841,SaMar40_2_20230927_234451,1695883491,50504.5,0.00512,-0.23381,TMO,PMUSBCam00,0,0
6758444288126175655,192,1.4,1.2,79.0785,23.8762,GREEN,1,2.0,78.71263,24.15675,19.02,132.307,C9KDYT2_1_20230928_022133,1695892893,50418.7,0.03163,-0.09439,TMO,PMUSBCam00,0,0
6758444288126175655,193,1.4,1.2,79.0785,23.8762,GREEN,1,2.0,78.66874,24.18962,19.11,128.886,C9KDYT2_2_20230928_025752,1695895073,50418.7,0.0192,-0.08963,TMO,PMUSBCam00,0,0
-6302928801476387402,194,0.59,0.39,72.144,-31.732,GREEN,1,1.0,74.91787,-31.7181,19.19,130.841,P21KpDb_1_20230928_032542,1695896742,50490.5,0.0066,-0.08498,TMO,PMUSBCam00,0,0
9039382385680680762,195,0.27,0.51,74.319,-8.0862,GREEN,1,2.0,74.15582,-7.48702,19.23,140.371,P21KmIs_1_20230928_033835,1695897516,50490.5,0.00173,-0.07594,TMO,PMUSBCam00,0,0
-6302928801476387402,196,0.59,0.39,72.144,-31.732,GREEN,1,1.0,75.07347,-31.72179,19.32,134.995,P21KpDb_2_20230928_040133,1695898893,50490.5,-0.01192,-0.09758,TMO,PMUSBCam00,0,0
9039382385680680762,197,0.27,0.51,74.319,-8.0862,GREEN,1,2.0,74.12612,-7.47928,19.39,141.105,P21KmIs_2_20230928_041933,1695899973,50632.6,-0.01407,-0.11631,TMO,PMUSBCam00,0,0
8762935335313123976,198,,,33.81394,12.39301,GRAY,0,0.01,42.2379,14.75989,-1.0,19229.0,Jupiter_1_20230929_001155,1695971516,-1.0,19229.0,19229.0,TMO,PMUSBCam00,0,0
8219170822027581553,199,,,46.42691,17.12326,GRAY,0,0.3,50.05329,18.00581,-1.0,19229.0,Uranus_1_20230929_003547,1695972948,-1.0,19229.0,19229.0,TMO,PMUSBCam00,0,0
7426755445478650717,200,32.76,27.2,357.915,-0.8421,RED,-1,1.0,357.16018,1.70898,20.2,127.908,C3URFE1_1_20231003_203144,1696390304,49664.4,19229.0,19229.0,TMO,PMUSBCam00,0,0
-4732550996249589358,201,36.18,11.63,336.2235,-8.7052,RED,1,1.0,334.0862,-9.35136,20.2,124.487,C3UM5W1_1_20231003_203944,1696390784,49664.4,-0.00257,-0.0593,TMO,PMUSBCam00,0,0
-8851369560453034286,202,0.46,0.14,345.78,25.9308,GREEN,1,1.0,345.90096,25.8624,20.22,128.641,P11KyCJ_1_20231003_204732,1696391252,49664.4,0.00984,-0.11381,TMO,PMUSBCam00,0,0
6763926696019660085,203,6.17,1.87,327.3945,8.5132,GREEN,1,3.0,327.289,8.42736,20.25,123.998,P11Kw2V_1_20231003_210019,1696392020,49664.4,-0.01396,-0.05367,TMO,PMUSBCam00,0,0
3535950868762594748,204,26.53,26.39,351.0435,-17.3818,ORANGE,1,1.0,350.87921,-16.83466,20.2,124.976,C3UMFN1_1_20231003_213316,1696393996,49664.4,0.00216,0.01729,TMO,PMUSBCam00,0,0
-4732550996249589358,205,36.18,11.63,336.2235,-8.7052,RED,1,1.0,332.75318,-9.60148,20.12,130.352,C3UM5W1_2_20231003_214625,1696394785,49581.6,-0.02188,-0.10852,TMO,PMUSBCam00,0,0
6763926696019660085,206,6.17,1.87,327.3945,8.5132,GREEN,1,3.0,327.21582,8.40211,20.07,127.908,P11Kw2V_2_20231003_215411,1696395251,49581.6,-0.02513,-0.06096,TMO,PMUSBCam00,0,0
7426755445478650717,207,32.76,27.2,357.915,-0.8421,RED,1,1.0,356.05144,4.38136,19.93,124.487,C3URFE1_2_20231003_222707,1696397228,49581.6,-0.00666,-0.14871,TMO,PMUSBCam00,0,0
-8851369560453034286,208,0.46,0.14,345.78,25.9308,GREEN,1,1.0,346.03565,25.94321,19.91,124.976,P11KyCJ_2_20231003_223457,1696397697,49581.6,-0.01413,-0.12292,TMO,PMUSBCam00,0,0
1289399539660805471,209,1.14,0.32,15.285,48.0344,ORANGE,1,2.0,15.9991,47.96582,19.89,125.464,C9KWCH2_1_20231003_225308,1696398788,49474.4,0.0106,-0.02524,TMO,PMUSBCam00,0,0
3535950868762594748,210,26.53,26.39,351.0435,-17.3818,ORANGE,1,1.0,350.64748,-16.5845,19.83,126.197,C3UMFN1_2_20231003_231627,1696400187,49474.4,-0.02553,-0.06551,TMO,PMUSBCam00,0,0
1289399539660805471,211,1.14,0.32,15.285,48.0344,ORANGE,1,2.0,16.09638,47.96344,19.83,131.818,C9KWCH2_2_20231003_232924,1696400964,49474.4,0.00277,-0.02065,TMO,PMUSBCam00,0,0
5053268172476823141,212,0.73,1.66,28.464,-2.2565,GREEN,1,3.0,28.43729,-2.45345,19.8,128.397,P21KBg9_1_20231003_235718,1696402639,49582.5,0.00479,-0.09532,TMO,PMUSBCam00,0,0
5053268172476823141,213,0.73,1.66,28.464,-2.2565,GREEN,1,3.0,28.41933,-2.49211,19.74,127.664,P21KBg9_2_20231004_003213,1696404734,49582.5,-0.00689,-0.12115,TMO,PMUSBCam00,0,0
-6633226951820291851,214,0.06,0.03,17.8515,0.6837,GREEN,-1,1.0,17.7226,0.35599,20.31,129.374,P21KFP7_1_20231004_220710,1696482431,49784.2,-0.02556,-0.08996,TMO,PMUSBCam00,0,0
143724334051684125,215,160.23,61.51,13.2465,6.3883,GREEN,1,1.0,14.23297,6.8155,20.28,125.953,P21KG5y_1_20231004_221952,1696483192,49784.2,0.01605,-0.03062,TMO,PMUSBCam00,0,0
8849674536159371233,216,1.13,1.05,344.484,-4.1063,GREEN,1,2.0,342.5871,-5.96691,20.24,124.731,P21KESU_1_20231004_223238,1696483958,49784.2,-0.02291,-0.15592,TMO,PMUSBCam00,0,0
-7062788842607352764,217,2.49,10.06,352.335,31.5119,GREEN,1,3.0,351.44511,34.1563,20.1,128.152,C9KY9H2_1_20231004_225958,1696485599,49735.1,-0.014,-0.18587,TMO,PMUSBCam00,0,0
-8772099124936050984,218,0.71,0.47,345.2805,11.0148,ORANGE,1,1.0,346.29187,10.7572,20.02,127.908,gb00629_1_20231004_233249,1696487569,49735.1,-0.02505,-0.0687,TMO,PMUSBCam00,0,0
-8842246235165662928,219,13.79,34.86,336.708,33.4404,GREEN,1,2.0,336.97094,32.48142,20.0,126.686,C9KY7C2_1_20231004_234605,1696488366,49735.1,-0.02498,-0.32161,TMO,PMUSBCam00,0,0
8849674536159371233,220,1.13,1.05,344.484,-4.1063,GREEN,1,2.0,342.72839,-5.83694,19.93,125.709,P21KESU_2_20231005_001424,1696490064,49732.1,-0.02852,-0.16699,TMO,PMUSBCam00,0,0
-6633226951820291851,221,0.06,0.03,17.8515,0.6837,GREEN,1,1.0,17.56381,-0.11419,19.95,127.419,P21KFP7_2_20231005_003720,1696491441,49732.1,-0.01612,-0.20925,TMO,PMUSBCam00,0,0
-7062788842607352764,222,2.49,10.06,352.335,31.5119,GREEN,1,3.0,351.46461,34.06287,20.01,126.197,C9KY9H2_2_20231005_005001,1696492201,49732.1,-0.02413,-0.16628,TMO,PMUSBCam00,0,0
143724334051684125,223,160.23,61.51,13.2465,6.3883,GREEN,1,1.0,14.0495,6.67235,19.82,128.886,P21KG5y_2_20231005_012820,1696494500,49780.3,-0.02493,-0.10877,TMO,PMUSBCam00,0,0
-8842246235165662928,224,13.79,34.86,336.708,33.4404,GREEN,1,2.0,337.07305,32.23253,19.83,126.686,C9KY7C2_2_20231005_014136,1696495296,49780.3,-0.03501,-0.29435,TMO,PMUSBCam00,0,0
-8772099124936050984,225,0.71,0.47,345.2805,11.0148,ORANGE,1,1.0,346.78593,10.70277,19.7,126.686,gb00629_2_20231005_020516,1696496716,49780.3,-0.02621,-0.04127,TMO,PMUSBCam00,0,0
-851853180856606252,226,0.38,0.24,5.565,-2.7766,ORANGE,1,1.0,3.48254,0.11749,20.13,132.551,C9L82J2_1_20231005_204700,1696564020,50413.2,0.03391,-0.15861,TMO,PMUSBCam00,0,0
7799835365273956498,227,18.11,5.45,355.2945,7.3572,GREEN,1,1.0,0.05478,6.45142,20.25,132.796,C9L7UM2_1_20231005_210013,1696564814,50413.2,0.02153,-0.04661,TMO,PMUSBCam00,0,0
-3483929332957079661,228,0.28,0.5,8.9925,27.3221,ORANGE,-1,1.0,4.51341,13.41713,20.3,132.307,C9LAYH2_1_20231005_213553,1696566953,50413.2,0.02088,-0.00206,TMO,PMUSBCam00,0,0
5550643498104822917,229,3.81,8.36,4.599,13.1768,ORANGE,-1,2.0,4.51341,13.41713,20.3,132.307,C9LAYH2_1_20231005_213553,1696566953,50413.2,0.02088,-0.00206,TMO,PMUSBCam00,0,0
-6813862342286125551,230,43.1,47.61,17.5665,14.9994,GREEN,-1,1.0,17.57997,15.46004,20.33,130.352,C9LHLP2_1_20231005_220401,1696568641,50413.2,19229.0,19229.0,TMO,PMUSBCam00,0,0
2771147834385024786,231,86.09,86.33,24.021,10.7529,GREEN,1,2.0,17.99154,6.58384,20.36,130.108,C9LA8D2_1_20231005_223310,1696570390,50413.2,0.01541,-0.0391,TMO,PMUSBCam00,0,0
905464105492985577,232,0.56,0.24,16.3215,6.4191,RED,1,1.0,17.99154,6.58384,20.36,130.108,C9LA8D2_1_20231005_223310,1696570390,50413.2,0.01541,-0.0391,TMO,PMUSBCam00,0,0
-6220473829035742395,233,0.77,1.62,31.1415,11.0911,GREEN,1,1.0,31.16565,8.71359,20.38,131.085,C9LTMP2_1_20231005_224554,1696571154,50413.2,0.02838,-0.01036,TMO,PMUSBCam00,0,0
-4826082910373384741,234,0.32,0.47,11.5695,-23.0292,GREEN,1,3.0,14.88793,-19.43408,20.38,129.374,P21KNkO_1_20231005_230346,1696572226,50413.2,0.0005,0.03003,TMO,PMUSBCam00,0,0
39924869726509426,235,0.09,0.21,25.848,-6.6037,GREEN,1,1.0,25.87568,-6.42604,20.28,137.195,C3VGK91_1_20231005_233636,1696574196,50413.2,0.00526,-0.08191,TMO,PMUSBCam00,0,0
-2395185622570194834,236,0.15,0.11,41.061,8.7136,ORANGE,1,1.0,42.64916,9.01218,20.24,132.796,C9LV8W2_1_20231005_234944,1696574984,50413.2,0.02187,-0.00375,TMO,PMUSBCam00,0,0
-3483929332957079661,237,0.28,0.5,8.9925,27.3221,ORANGE,1,1.0,10.38452,25.8704,20.21,130.596,gb00632_2_20231006_000221,1696575741,50413.2,-0.01498,-0.1287,TMO,PMUSBCam00,0,0
1015655846059876291,238,0.07,0.15,37.7175,15.5994,RED,1,1.0,38.07154,17.35317,20.15,126.931,C9LWKE2_1_20231006_003047,1696577447,49936.1,0.0044,-0.03004,TMO,PMUSBCam00,0,0
5312381715083193199,239,1.53,2.13,33.042,23.6317,ORANGE,1,1.0,35.28147,20.81244,20.15,125.953,P21KNiA_1_20231006_004321,1696578201,49936.1,-0.00162,-0.09179,TMO,PMUSBCam00,0,0
-851853180856606252,240,0.38,0.24,5.565,-2.7766,ORANGE,-1,1.0,3.80999,-0.30308,20.11,125.953,C9L82J2_2_20231006_005637,1696578997,49936.1,19229.0,19229.0,TMO,PMUSBCam00,0,0
5550643498104822917,241,3.81,8.36,4.599,13.1768,ORANGE,1,2.0,4.15752,13.94502,20.03,124.487,C9LAYH2_2_20231006_013027,1696581027,49936.1,-0.0272,-0.1,TMO,PMUSBCam00,0,0
7799835365273956498,242,18.11,5.45,355.2945,7.3572,GREEN,1,1.0,359.04228,6.54992,20.01,125.22,C9L7UM2_2_20231006_015327,1696582407,49936.1,-0.02755,-0.1152,TMO,PMUSBCam00,0,0
-6813862342286125551,243,43.1,47.61,17.5665,14.9994,GREEN,1,1.0,17.51998,16.26684,20.03,125.22,C9LHLP2_2_20231006_020626,1696583186,49936.0,-0.02522,-0.11318,TMO,PMUSBCam00,0,0
-4826082910373384741,244,0.32,0.47,11.5695,-23.0292,GREEN,1,3.0,14.77673,-19.61272,20.0,124.976,P21KNkO_2_20231006_021920,1696583960,50146.0,-0.02794,-0.05563,TMO,PMUSBCam00,0,0
2771147834385024786,245,86.09,86.33,24.021,10.7529,GREEN,1,2.0,23.2273,11.20384,19.9,130.352,C9LNME2_2_20231006_025229,1696585949,50146.0,-0.02562,-0.04324,TMO,PMUSBCam00,0,0
905464105492985577,246,0.56,0.24,16.3215,6.4191,RED,1,1.0,20.78486,7.2782,19.76,125.464,C9LA8D2_2_20231006_031527,1696587327,50146.0,-0.02603,-0.06489,TMO,PMUSBCam00,0,0
39924869726509426,247,0.09,0.21,25.848,-6.6037,GREEN,1,1.0,25.84636,-6.18688,19.68,126.442,C3VGK91_2_20231006_033334,1696588415,50146.0,-0.02542,-0.1339,TMO,PMUSBCam00,0,0
-2395185622570194834,248,0.15,0.11,41.061,8.7136,ORANGE,1,1.0,44.11364,9.33298,19.55,128.397,C9LV8W2_2_20231006_034625,1696589185,50146.0,-0.02505,-0.03895,TMO,PMUSBCam00,0,0
-6220473829035742395,249,0.77,1.62,31.1415,11.0911,GREEN,1,1.0,31.08683,9.3295,19.45,125.709,C9LTMP2_2_20231006_035919,1696589959,50146.0,-0.02607,-0.01961,TMO,PMUSBCam00,0,0
1015655846059876291,250,0.07,0.15,37.7175,15.5994,RED,1,1.0,37.95502,19.27829,19.37,126.931,C9LWKE2_2_20231006_041232,1696590752,50146.0,-0.02497,-0.09071,TMO,PMUSBCam00,0,0
5312381715083193199,251,1.53,2.13,33.042,23.6317,ORANGE,1,1.0,34.74518,21.38102,19.27,126.197,P21KNiA_2_20231006_042535,1696591536,50146.0,-0.02788,-0.10607,TMO,PMUSBCam00,0,0
-1151588076568211508,252,108862.29,38202.5,22.4985,40.2042,ORANGE,1,3.0,25.79062,34.13132,19.02,126.442,P11KNfr_1_20231006_044359,1696592639,50046.0,-0.03366,-0.16959,TMO,PMUSBCam00,0,0
7799835365273956498,253,18.11,5.45,355.2945,7.3572,GREEN,1,1.0,351.5985,16.78911,20.23,129.863,P21KI00_1_20231006_203419,1696649660,50522.7,0.02565,-0.02298,TMO,PMUSBCam00,0,0
5408931129735212424,254,1.35,8.31,351.5565,16.8889,GREEN,1,3.0,351.5985,16.78911,20.23,129.863,P21KI00_1_20231006_203419,1696649660,50522.7,0.02565,-0.02298,TMO,PMUSBCam00,0,0
7799835365273956498,255,18.11,5.45,355.2945,7.3572,GREEN,-1,1.0,354.73192,7.43406,20.26,126.931,C9L7UM2_2_20231006_210804,1696651685,50522.7,19229.0,19229.0,TMO,PMUSBCam00,0,0
-2622451225032349962,256,0.31,0.25,3.2295,-1.2549,GREEN,1,2.0,3.48263,-2.41224,20.35,129.374,C9L6P22_1_20231006_221035,1696655435,50387.9,0.0086,-0.10618,TMO,PMUSBCam00,0,0
-851853180856606252,257,0.38,0.24,5.565,-2.7766,ORANGE,1,2.0,5.93411,-3.41223,20.38,129.619,C9L82J2_1_20231006_223332,1696656812,50387.9,0.00471,-0.10822,TMO,PMUSBCam00,0,0
5312381715083193199,258,1.53,2.13,33.042,23.6317,ORANGE,1,1.0,32.6452,24.05543,20.4,129.619,P21KNiA_1_20231006_225638,1696658198,50387.9,0.02898,-0.10275,TMO,PMUSBCam00,0,0
-8243111995799101591,259,7.31,16.12,19.5915,-10.2786,GREEN,1,2.0,18.17115,-7.01563,20.42,127.175,P11KQoM_1_20231006_231440,1696659281,50417.8,0.00644,-0.08569,TMO,PMUSBCam00,0,0
-1245181668227590072,260,0.05,0.11,25.6845,-17.4814,ORANGE,1,2.0,26.00161,-17.02131,20.43,129.863,P11KKFW_1_20231006_234854,1696661334,50417.8,0.00524,0.01681,TMO,PMUSBCam00,0,0
8860911324783016469,261,369542.82,71244.63,41.6985,-19.6561,GREEN,1,1.0,40.10143,-19.02909,20.39,127.664,C9M3V72_1_20231007_002643,1696663603,50417.8,0.01234,0.0291,TMO,PMUSBCam00,0,0
285912314802836517,262,36.09,16.19,45.0915,-4.8182,GREEN,1,1.0,45.18336,-6.31861,20.34,130.352,C9M00R2_1_20231007_004840,1696664920,50417.8,0.01245,-0.09356,TMO,PMUSBCam00,0,0
5408931129735212424,263,1.35,8.31,351.5565,16.8889,GREEN,1,3.0,351.5565,16.48293,20.3,130.352,P21KI00_2_20231007_012630,1696667190,50417.8,-0.02246,-0.12503,TMO,PMUSBCam00,0,0
-851853180856606252,264,0.38,0.24,5.565,-2.7766,ORANGE,1,2.0,6.20396,-3.97152,20.22,126.686,C9L82J2_2_20231007_015939,1696669180,50417.8,-0.0207,-0.19552,TMO,PMUSBCam00,0,0
-2622451225032349962,265,0.31,0.25,3.2295,-1.2549,GREEN,1,2.0,3.72179,-3.81692,20.16,128.397,C9L6P22_2_20231007_022804,1696670884,50447.8,-0.01893,-0.17192,TMO,PMUSBCam00,0,0
-8243111995799101591,266,7.31,16.12,19.5915,-10.2786,GREEN,1,2.0,18.34012,-7.59262,20.18,129.863,P11KQoM_2_20231007_025040,1696672240,50447.8,-0.01954,-0.13866,TMO,PMUSBCam00,0,0
5312381715083193199,267,1.53,2.13,33.042,23.6317,ORANGE,1,1.0,32.07374,24.56076,20.17,129.863,P21KNiA_2_20231007_031319,1696673599,50447.8,-0.01719,-0.15925,TMO,PMUSBCam00,0,0
-1245181668227590072,268,0.05,0.11,25.6845,-17.4814,ORANGE,1,2.0,26.13137,-16.72499,20.14,129.374,P11KKFW_2_20231007_033123,1696674683,50226.8,-0.02826,-0.0399,TMO,PMUSBCam00,0,0
285912314802836517,269,36.09,16.19,45.0915,-4.8182,GREEN,1,1.0,45.14825,-7.06141,20.04,132.307,C9M00R2_2_20231007_035430,1696676070,50226.8,-0.03031,-0.12045,TMO,PMUSBCam00,0,0
8860911324783016469,270,369542.82,71244.63,41.6985,-19.6561,GREEN,1,1.0,40.34403,-19.18208,20.04,130.352,C9M3V72_2_20231007_040730,1696676850,50226.8,-0.02982,-0.0101,TMO,PMUSBCam00,0,0
-6220473829035742395,271,0.77,1.62,31.1415,11.0911,GREEN,1,1.0,31.1035,12.11011,20.0,134.018,C9LTMP2_1_20231007_042038,1696677639,50226.8,-0.03016,-0.00295,TMO,PMUSBCam00,0,0
211316361471877993,272,2.72,16.83,26.34,0.2339,GREEN,1,3.0,26.17998,1.06261,19.87,129.374,C9LMXX2_1_20231007_043900,1696678740,50226.8,-0.02501,-0.20635,TMO,PMUSBCam00,0,0
-6220473829035742395,273,0.77,1.62,31.1415,11.0911,GREEN,1,1.0,31.10322,12.2084,19.64,128.886,C9LTMP2_2_20231007_051216,1696680737,50226.8,-0.02759,0.00349,TMO,PMUSBCam00,0,0
-6832289779178354817,274,4.98,16.21,15.4305,6.2786,GREEN,0,3.0,333.49448,-12.85337,-1.0,19229.0,Offset_20231007_221658,1696742218,-1.0,19229.0,19229.0,TMO,PMUSBCam00,0,0
7884550022531103217,275,2.41,0.53,39.6225,12.5947,ORANGE,1,1.0,38.94796,11.68003,20.42,130.841,A10XbTT_1_20231007_225656,1696744616,50413.7,0.03644,-0.00906,TMO,PMUSBCam00,0,0
-8243111995799101591,276,7.31,16.12,19.5915,-10.2786,GREEN,1,2.0,19.88612,-10.97388,20.43,127.419,P11KQoM_1_20231007_230951,1696745392,50624.5,0.00666,-0.03095,TMO,PMUSBCam00,0,0
211316361471877993,277,2.72,16.83,26.34,0.2339,GREEN,1,3.0,26.37848,-0.16253,20.48,128.886,C9LMXX2_1_20231007_234249,1696747370,50624.5,0.00412,-0.13161,TMO,PMUSBCam00,0,0
7884550022531103217,278,2.41,0.53,39.6225,12.5947,ORANGE,1,1.0,38.53245,11.32787,19.51,129.863,A10XbTT_2_20231008_002039,1696749640,50624.6,0.00803,0.01286,TMO,PMUSBCam00,0,0
523629837419167406,279,1.88,3.08,41.4615,-17.143,GREEN,1,2.0,41.58448,-16.90164,19.53,129.863,C9M3WE2_1_20231008_004231,1696750951,50624.6,0.0046,0.01747,TMO,PMUSBCam00,0,0
7500681852156923202,280,0.23,0.21,4.389,14.7372,ORANGE,-1,1.0,4.73103,14.94995,20.29,132.796,7NBR001_1_20231008_205215,1696823535,50009.0,19229.0,19229.0,TMO,PMUSBCam00,0,0
-499649519291392222,281,0.65,1.07,326.214,0.6825,GREEN,1,2.0,326.21667,0.41228,20.3,128.641,P21L1Bo_1_20231008_205937,1696823978,50009.0,-0.01808,-0.22165,TMO,PMUSBCam00,0,0
7500681852156923202,282,0.23,0.21,4.389,14.7372,ORANGE,1,1.0,4.92497,15.11564,20.33,129.619,7NBR001_2_20231008_212632,1696825592,50009.0,0.01872,-0.01537,TMO,PMUSBCam00,0,0
-4126449134343985691,283,6.81,8.28,12.5865,-27.8113,ORANGE,1,2.0,12.94691,-28.49647,20.37,133.04,P11KKGu_1_20231008_224031,1696830031,49633.9,0.00482,-0.21643,TMO,PMUSBCam00,0,0
-832606529808515398,284,0.49,0.5,39.084,20.311,GREEN,1,3.0,39.31504,19.82789,20.38,137.195,P21L2Lp_1_20231008_230356,1696831436,49633.9,0.02983,-0.06713,TMO,PMUSBCam00,0,0
-1585475781185323084,285,24.62,79.8,34.0425,51.7406,GREEN,1,1.0,34.23415,51.54367,20.39,128.152,A10XbU9_1_20231008_233652,1696833413,49633.9,0.01461,-0.0696,TMO,PMUSBCam00,0,0
-4337255056884042014,286,70.62,37.09,57.933,6.3803,GREEN,1,1.0,56.43554,7.23487,20.39,132.796,ZTs0160_1_20231009_002051,1696836051,49707.9,0.02954,-0.02618,TMO,PMUSBCam00,0,0
-1136883176374359551,287,2.12,1.69,12.69,-7.4553,GREEN,1,2.0,12.51539,-7.78283,20.39,127.908,P11KQoN_1_20231009_002842,1696836522,49707.9,-0.023,-0.15169,TMO,PMUSBCam00,0,0
8305324835594562003,288,0.43,0.27,64.602,2.9191,ORANGE,1,1.0,64.24614,2.90421,20.38,128.641,P21L2WE_1_20231009_005143,1696837904,49707.9,0.02991,-0.25389,TMO,PMUSBCam00,0,0
-5841985768098191136,289,0.46,0.27,70.017,6.4265,GREEN,1,3.0,70.21105,6.33067,20.36,127.419,P21L2WC_1_20231009_012058,1696839658,49736.0,0.02609,-0.05548,TMO,PMUSBCam00,0,0
405082117576301201,290,14.6,8.36,76.275,5.5157,GREEN,1,3.0,76.39413,5.59287,20.35,125.709,P11L35L_1_20231009_015354,1696841635,49736.0,0.02333,-0.07727,TMO,PMUSBCam00,0,0
-4126449134343985691,291,6.81,8.28,12.5865,-27.8113,ORANGE,-1,2.0,33.97938,15.74573,20.33,125.709,P11KKGu_2_20231009_023139,1696843899,49637.0,19229.0,19229.0,TMO,PMUSBCam00,0,0
-1136883176374359551,292,2.12,1.69,12.69,-7.4553,GREEN,1,2.0,12.42705,-7.8814,20.31,125.709,P11KQoN_2_20231009_025417,1696845258,49637.0,-0.02751,-0.15935,TMO,PMUSBCam00,0,0
-4337255056884042014,293,70.62,37.09,57.933,6.3803,GREEN,1,1.0,55.29903,7.76847,20.33,125.709,ZTs0160_2_20231009_031728,1696846648,49637.0,-0.02099,-0.10648,TMO,PMUSBCam00,0,0
-1585475781185323084,294,24.62,79.8,34.0425,51.7406,GREEN,1,1.0,34.3654,51.31858,21.18,125.709,A10XbU9_2_20231009_032508,1696847108,49637.0,-0.02027,-0.15833,TMO,PMUSBCam00,0,0
-5841985768098191136,295,0.46,0.27,70.017,6.4265,GREEN,1,3.0,70.23517,6.26068,20.33,125.709,P21L2WC_2_20231009_033817,1696847897,49566.0,-0.01446,-0.10931,TMO,PMUSBCam00,0,0
8305324835594562003,296,0.43,0.27,64.602,2.9191,ORANGE,1,1.0,63.8402,3.02715,20.36,125.709,P21L2WE_2_20231009_041105,1696849865,49566.0,-0.02636,-0.31801,TMO,PMUSBCam00,0,0
-832606529808515398,297,0.49,0.5,39.084,20.311,GREEN,1,3.0,39.5034,19.11103,20.36,125.709,P21L2Lp_2_20231009_042925,1696850965,49642.8,-0.03035,-0.11795,TMO,PMUSBCam00,0,0
405082117576301201,298,14.6,8.36,76.275,5.5157,GREEN,1,3.0,76.3917,5.6047,20.33,125.709,P11L35L_2_20231009_050226,1696852946,49642.8,-0.02547,-0.14636,TMO,PMUSBCam00,0,0
8913584613722818884,299,0.08,0.06,343.5375,6.7967,GREEN,1,3.0,343.56466,6.76703,20.38,125.709,P11LcZT_1_20231010_195118,1696992678,50306.2,0.0216,-0.03619,TMO,PMUSBCam00,0,0
-416536159637471549,300,193.04,175.96,332.6535,25.5811,GREEN,1,2.0,332.70105,25.36848,20.45,125.709,C9M62Q2_1_20231010_202426,1696994667,50306.2,-0.00298,-0.12562,TMO,PMUSBCam00,0,0
311652440217462735,301,8.22,8.24,4.8945,19.1031,GREEN,-1,3.0,5.3311,19.98407,20.51,125.709,C9MDWV2_1_20231010_205255,1696996375,49957.1,19229.0,19229.0,TMO,PMUSBCam00,0,0
8039352641024909445,302,45.95,22.67,351.831,-14.6055,ORANGE,1,3.0,351.95988,-14.724,20.61,125.709,P21LcVE_1_20231010_212545,1696998346,49957.1,-0.0017,0.00318,TMO,PMUSBCam00,0,0
-275923555869334145,303,0.0,0.14,8.193,-23.2064,GREEN,1,3.0,8.24105,-23.42002,20.75,125.709,P11L7fO_1_20231010_220333,1697000613,49957.1,0.00738,-0.02495,TMO,PMUSBCam00,0,0
9030341471265909055,304,0.13,0.15,33.747,15.6628,GREEN,1,2.0,33.57408,15.64171,20.82,125.709,P21LfrU_1_20231010_223652,1697002612,49957.1,0.02785,-0.02349,TMO,PMUSBCam00,0,0
3208931815334702030,305,3.33,1.16,33.5655,32.2622,ORANGE,1,1.0,35.30605,31.55368,20.87,125.709,C3VWTU1_1_20231010_230003,1697004003,49957.1,0.01978,-0.26034,TMO,PMUSBCam00,0,0
-4490604685132645956,306,50.79,8.33,41.7675,22.5499,ORANGE,1,3.0,43.1868,22.69938,20.9,125.709,C9MHE82_1_20231010_231302,1697004782,49991.2,0.0271,-0.09782,TMO,PMUSBCam00,0,0
3353724954575856509,307,0.12,0.32,346.737,-5.2863,GREEN,-1,2.0,346.68595,-5.44509,20.28,125.709,P11LiYF_1_20231011_203159,1697081519,49639.6,-0.00438,-0.04209,TMO,PMUSBCam00,0,0
6987319990412427058,308,0.66,0.14,12.6255,0.7944,ORANGE,-1,1.0,12.46817,0.76606,20.29,125.709,P11LkBg_1_20231011_205614,1697082974,49639.6,19229.0,19229.0,TMO,PMUSBCam00,0,0
-4997391803808278413,309,19.8,25.16,15.2565,2.6953,GREEN,1,3.0,15.19841,2.27955,20.39,125.709,P11LkBh_1_20231011_220040,1697086840,49666.6,0.01519,-0.31358,TMO,PMUSBCam00,0,0
86098447792232371,310,6.89,3.37,11.457,-25.7847,ORANGE,-1,1.0,12.49339,-26.81404,20.41,125.709,C3W2WX1_1_20231011_223402,1697088843,49666.6,19229.0,19229.0,TMO,PMUSBCam00,0,0
-5964204009211163488,311,38.41,8.54,35.031,12.0829,ORANGE,1,1.0,36.20347,11.20324,20.4,125.709,C9N1Q92_1_20231011_224154,1697089314,49666.6,0.0279,-0.00483,TMO,PMUSBCam00,0,0
3136686912411738301,312,0.68,0.38,18.6855,-27.7461,GREEN,1,3.0,18.61443,-28.72157,20.41,125.709,P11KNuv_1_20231011_225953,1697090394,49605.6,-0.00218,-0.99655,TMO,PMUSBCam00,0,0
6163852249306880835,313,0.23,0.0,38.601,48.0479,ORANGE,-1,1.0,18.17349,-27.7752,20.43,125.709,gb00638_1_20231011_233154,1697092314,49605.6,19229.0,19229.0,TMO,PMUSBCam00,0,0
-7038547067369796556,314,0.43,0.21,40.3275,-18.0532,ORANGE,0,1.0,22.58179,-27.7035,-1.0,19229.0,Offset_20231012_003900,1697096340,-1.0,19229.0,19229.0,TMO,PMUSBCam00,0,0
-2009757333245704512,315,2.96,3.16,54.4065,18.3901,GREEN,0,3.0,22.58179,-27.7035,-1.0,19229.0,Offset_20231012_003900,1697096340,-1.0,19229.0,19229.0,TMO,PMUSBCam00,0,0
2329670440668652471,316,3.81,21.78,46.998,-27.9348,GREEN,-1,3.0,34.77127,-27.54003,20.45,125.709,P11LlaG_1_20231012_010459,1697097899,49605.6,19229.0,19229.0,TMO,PMUSBCam00,0,0
-5832382106754807217,317,0.52,0.28,52.914,15.3747,GREEN,-1,2.0,43.26993,-27.52836,20.43,125.709,P21L9qG_1_20231012_013754,1697099874,49605.6,19229.0,19229.0,TMO,PMUSBCam00,0,0
-682841162716985944,318,1.81,1.91,27.612,0.954,GREEN,-1,3.0,47.02424,-27.51268,20.41,125.709,P21Lje8_1_20231012_020555,1697101555,49605.6,19229.0,19229.0,TMO,PMUSBCam00,0,0
3530832581035285415,319,0.34,0.61,33.747,16.218,ORANGE,-1,2.0,53.0141,-27.49651,20.42,125.709,C9N58L2_1_20231012_023854,1697103534,49605.6,19229.0,19229.0,TMO,PMUSBCam00,0,0
-6029940175116864495,320,0.23,0.74,29.919,7.8461,GREEN,-1,3.0,56.99243,-27.48112,20.44,125.709,P11LkBl_1_20231012_030654,1697105215,49605.6,19229.0,19229.0,TMO,PMUSBCam00,0,0
2049823726838438421,321,1.72,1.22,15.2445,40.1394,ORANGE,1,2.0,10.40094,18.50731,20.39,132.796,ST23J32_1_20231017_210144,1697601705,50480.2,0.05559,0.02119,TMO,PMUSBCam00,0,0
-8601590828273973255,322,60.79,57.94,21.657,19.6773,ORANGE,1,1.0,21.97875,19.53834,20.42,126.931,P21LCal_1_20231017_212553,1697603153,50480.2,0.0592,0.02426,TMO,PMUSBCam00,0,0
-3548951513881907471,323,0.59,0.46,17.661,6.7255,ORANGE,1,1.0,18.15776,5.86421,20.45,127.419,SarSza1_1_20231017_213855,1697603936,50480.2,0.05263,0.05015,TMO,PMUSBCam00,0,0
6821818531872229020,324,9.78,3.6,208.917,8.5678,ORANGE,1,1.0,335.57714,-22.85155,20.46,127.908,P21M8qF_1_20231017_214643,1697604403,50480.2,0.0032,0.0125,TMO,PMUSBCam00,0,0
-8608658033415185512,325,0.39,0.31,31.851,10.3226,ORANGE,1,1.0,33.38429,10.88832,20.51,129.863,P11LXnU_1_20231017_221530,1697606131,50417.4,0.06017,0.03534,TMO,PMUSBCam00,0,0
-6196739189523134304,326,2.58,12.88,32.439,26.3591,ORANGE,1,1.0,33.58763,21.00981,20.52,128.152,MaSza53_1_20231017_222901,1697606941,50417.4,0.05364,0.04267,TMO,PMUSBCam00,0,0
-5671103282549597948,327,0.32,0.19,52.3875,10.1689,ORANGE,1,1.0,51.7695,10.55023,20.56,131.818,P11MaVx_1_20231017_232524,1697610324,50360.3,0.06168,0.03615,TMO,PMUSBCam00,0,0
-9161071526853928710,328,83.14,18.82,37.278,-5.3139,GREEN,1,1.0,41.00317,-10.74274,20.57,135.239,C9QUJM2_1_20231017_233848,1697611128,50360.3,0.04396,0.03223,TMO,PMUSBCam00,0,0
2695830064596314994,329,10.19,8.03,56.4015,10.5447,GREEN,1,3.0,56.43815,10.38789,20.57,137.928,P11MaVz_1_20231017_235147,1697611907,50360.3,0.05735,0.03579,TMO,PMUSBCam00,0,0
-7760943146471539110,330,0.21,0.44,63.7275,4.1134,ORANGE,1,1.0,64.14071,5.91956,20.55,128.397,C9QHCN2_1_20231018_004842,1697615323,50330.2,0.05034,0.04747,TMO,PMUSBCam00,0,0
4428353743992229628,331,6.07,6.26,66.1005,19.681,ORANGE,1,2.0,68.00603,17.49701,20.54,127.908,C0LF1G5_1_20231018_010146,1697616106,50330.2,0.04996,0.02971,TMO,PMUSBCam00,0,0
2186662977585607578,332,54.08,11.08,46.641,10.1718,GREEN,1,1.0,49.86947,11.65267,20.54,127.908,P11MaVv_1_20231018_013459,1697618099,50330.2,0.02173,0.01364,TMO,PMUSBCam00,0,0
6048613754211088033,333,0.4,0.41,48.4815,19.2934,ORANGE,1,1.0,47.40038,21.43838,20.54,128.152,P11MaTG_1_20231018_015256,1697619177,50330.2,0.01703,0.02624,TMO,PMUSBCam00,0,0
5892317427185199218,334,2.04,6.31,77.9145,-11.3689,GREEN,1,3.0,78.04116,-11.06619,20.55,127.419,C9QHFW2_1_20231018_020614,1697619975,50330.2,0.04423,0.04276,TMO,PMUSBCam00,0,0
-2088855164814329763,335,14.85,15.86,81.6585,-5.9655,GREEN,1,2.0,81.1661,-5.36324,20.58,132.307,C9QHGF2_1_20231018_023918,1697621958,50330.2,0.03583,0.04476,TMO,PMUSBCam00,0,0
8196291612314003106,336,0.88,4.61,35.475,-5.5206,GREEN,1,3.0,35.54234,-5.02494,20.62,131.818,C9QG2T2_1_20231018_030721,1697623641,50464.2,-0.00227,0.00515,TMO,PMUSBCam00,0,0
6677509576609153757,337,6.93,13.63,32.9265,16.2529,GREEN,1,3.0,33.39555,17.20526,20.62,129.863,C9PKH62_1_20231018_034041,1697625641,50464.2,-0.00312,0.01117,TMO,PMUSBCam00,0,0
2049823726838438421,338,1.72,1.22,15.2445,40.1394,ORANGE,1,2.0,11.09496,22.75379,20.47,140.127,ST23J32_1_20231018_212142,1697689303,50684.2,0.04569,0.03365,TMO,PMUSBCam00,0,0
9031661943012951272,339,87690.14,31460.26,289.131,11.8755,RED,1,1.0,353.21181,24.86956,20.49,136.461,ST23J56_1_20231018_214418,1697690658,50684.2,0.0209,0.05754,TMO,PMUSBCam00,0,0
-6196739189523134304,340,2.58,12.88,32.439,26.3591,ORANGE,1,2.0,32.4216,26.98011,20.5,137.195,MaSza53_1_20231018_215834,1697691514,50684.2,0.05733,0.03405,TMO,PMUSBCam00,0,0
5000995598819202200,341,0.68,0.94,19.6005,-4.6211,ORANGE,1,1.0,19.86774,-5.23484,20.54,137.195,C3XLNE1_1_20231018_222246,1697692966,50684.2,0.03632,0.05417,TMO,PMUSBCam00,0,0
-9161071526853928710,342,83.14,18.82,37.278,-5.3139,GREEN,1,1.0,36.61283,-4.20145,20.55,138.661,C9QUJM2_1_20231018_232408,1697696648,50548.3,0.03974,0.04657,TMO,PMUSBCam00,0,0
805468587377506761,343,0.22,1.64,25.2795,-17.5119,GREEN,1,3.0,25.24853,-17.25039,20.55,137.928,P11LXYh_1_20231018_233849,1697697530,50548.3,0.02029,0.03465,TMO,PMUSBCam00,0,0
-7248453705184275251,344,2.72,0.8,63.8175,33.6012,RED,1,1.0,64.67497,31.48177,20.57,140.371,gb00643_1_20231019_001250,1697699570,50548.3,0.05344,0.03867,TMO,PMUSBCam00,0,0
4428353743992229628,345,6.07,6.26,66.1005,19.681,ORANGE,1,3.0,65.68384,20.2731,20.54,138.172,C0LF1G5_1_20231019_003942,1697701182,50696.1,0.04996,0.03095,TMO,PMUSBCam00,0,0
3593719322704334788,346,2.52,7.71,51.843,-7.1272,ORANGE,1,1.0,54.43507,-16.68334,20.54,135.728,C9QY7C2_1_20231019_011335,1697703215,50696.1,0.02559,0.04362,TMO,PMUSBCam00,0,0
-4865776447856030690,347,1.08,0.84,65.2185,-18.0679,GREEN,1,3.0,67.54159,-19.63493,20.53,138.172,P21MbnG_1_20231019_013913,1697704753,50595.3,0.03531,0.05425,TMO,PMUSBCam00,0,0
-5951699728447712135,348,1.01,0.69,74.277,-9.7645,GREEN,-1,3.0,74.0024,-8.41203,20.55,142.082,P21Mi7J_1_20231019_021356,1697706836,50595.3,19229.0,19229.0,TMO,PMUSBCam00,0,0
2186662977585607578,349,54.08,11.08,46.641,10.1718,GREEN,1,1.0,45.40351,9.58604,20.57,139.638,P11MaVv_1_20231019_025215,1697709136,50595.4,-0.00063,0.00788,TMO,PMUSBCam00,0,0
2049823726838438421,350,1.72,1.22,15.2445,40.1394,ORANGE,-1,1.0,15.24312,39.93306,20.3,140.371,ST23J32_1_20231019_210221,1697774541,50710.2,19229.0,19229.0,TMO,PMUSBCam00,0,0
9031661943012951272,351,87690.14,31460.26,289.131,11.8755,RED,1,1.0,319.20979,21.21606,20.31,138.661,ST23J56_1_20231019_211542,1697775342,50710.2,0.00593,0.00517,TMO,PMUSBCam00,0,0
-5224412281599866119,352,0.92,3.42,10.6515,27.9826,ORANGE,-1,2.0,10.67689,27.98914,20.35,138.416,P21Mfe0_1_20231019_212958,1697776198,50710.2,19229.0,19229.0,TMO,PMUSBCam00,0,0
8850673010766135974,353,1.5,2.3,31.3935,24.5759,GREEN,1,2.0,32.82602,26.712,20.4,137.195,C0LPM15_1_20231019_215357,1697777637,50710.2,0.05855,0.02489,TMO,PMUSBCam00,0,0
-596913073482741387,354,0.74,0.43,351.7635,29.4614,GREEN,1,1.0,351.6788,29.65154,20.44,136.217,gb00646_1_20231019_222127,1697779287,50751.3,0.01181,0.05841,TMO,PMUSBCam00,0,0
-1047771166635499752,355,1.52,0.83,44.34,39.5917,ORANGE,1,1.0,52.8683,35.18514,20.48,137.683,ST23J70_1_20231019_233427,1697783668,50568.3,0.05148,0.05699,TMO,PMUSBCam00,0,0
-3462621594861885895,356,0.69,5.77,58.263,19.7094,ORANGE,1,1.0,58.40333,19.13647,20.49,137.195,C3XY4F1_1_20231019_234906,1697784546,50677.2,0.05491,0.02434,TMO,PMUSBCam00,0,0
-2413827833241422842,357,0.89,0.56,352.6455,37.5559,RED,1,1.0,354.23197,38.42457,21.78,137.195,gb00647_1_20231019_235754,1697785075,50677.2,0.00934,0.08038,TMO,PMUSBCam00,0,0
-6911876692559281368,358,16.55,3.61,344.634,-9.2339,GREEN,1,1.0,344.69495,-8.61602,20.5,139.394,A10Xzjh_1_20231020_000635,1697785595,50677.2,0.00584,0.00633,TMO,PMUSBCam00,0,0
4367568418942665829,359,1.77,1.22,43.434,56.2367,GREEN,1,3.0,44.23507,56.5473,20.5,138.905,C9QYCZ2_1_20231020_003947,1697787587,50760.3,0.03454,0.02518,TMO,PMUSBCam00,0,0
3593719322704334788,360,2.52,7.71,51.843,-7.1272,ORANGE,1,1.0,51.37702,-5.24195,20.45,139.638,C9QY7C2_1_20231020_013415,1697790855,50760.3,0.01989,0.00011,TMO,PMUSBCam00,0,0
-4036698121783916555,361,14.95,6.8,20.4285,-18.8642,GREEN,1,3.0,20.35067,-18.80945,20.45,138.172,C9QXWP2_1_20231020_014834,1697791714,50599.4,0.00453,0.01652,TMO,PMUSBCam00,0,0
-7363533765614218342,362,2.16,8.45,79.4445,-9.5628,GREEN,1,3.0,79.53041,-9.31067,20.45,140.127,P11Mi7g_1_20231020_022240,1697793760,50599.4,0.03651,0.04446,TMO,PMUSBCam00,0,0
-8699271480936555582,363,8.21,9.14,25.5675,33.063,GREEN,1,1.0,17.53409,39.74117,20.18,138.416,ST23J73_1_20231020_211143,1697861503,50586.9,0.05168,0.07598,TMO,PMUSBCam00,0,0
2635180494121767376,364,2.55,1.01,349.932,36.8439,ORANGE,1,1.0,350.41206,36.32473,20.21,136.217,ST23J72_1_20231020_212522,1697862322,50586.9,0.02336,0.07462,TMO,PMUSBCam00,0,0
8850673010766135974,365,1.5,2.3,31.3935,24.5759,GREEN,1,2.0,31.38051,24.45664,20.25,142.571,C0LPM15_1_20231020_214105,1697863265,50586.9,0.06045,0.03552,TMO,PMUSBCam00,0,0
38576404243208446,366,1.22,0.66,17.8185,-11.2962,ORANGE,1,1.0,18.8162,-11.86651,20.33,135.484,C3Y0C51_1_20231020_221156,1697865116,50586.9,0.03624,0.05256,TMO,PMUSBCam00,0,0
-1047771166635499752,367,1.52,0.83,44.34,39.5917,ORANGE,1,1.0,43.49474,40.04959,20.4,139.638,ST23J70_1_20231020_223146,1697866306,50587.0,0.05312,0.05537,TMO,PMUSBCam00,0,0
-5143078883140589726,368,48.06,24.57,41.178,45.4884,GREEN,1,3.0,41.33141,45.46561,20.47,135.484,C9QZJ42_1_20231020_233133,1697869893,50595.0,0.03958,0.05738,TMO,PMUSBCam00,0,0
4367568418942665829,369,1.77,1.22,43.434,56.2367,GREEN,1,3.0,43.30843,56.2348,20.51,137.195,C9QYCZ2_1_20231021_000520,1697871920,50595.0,0.03783,0.05862,TMO,PMUSBCam00,0,0
-7984844844662672618,370,35.36,21.98,53.4285,-4.7191,ORANGE,1,1.0,55.45836,-5.94406,20.46,140.86,C3Y32K1_1_20231021_004437,1697874277,50480.7,0.03504,0.02781,TMO,PMUSBCam00,0,0
4511607417007140207,371,2.56,2.88,59.292,-34.4699,GREEN,1,3.0,59.23095,-34.32732,20.45,139.883,P21Mp3v_1_20231021_005337,1697874818,50480.7,0.03652,0.0596,TMO,PMUSBCam00,0,0
-4865776447856030690,372,1.08,0.84,65.2185,-18.0679,GREEN,1,3.0,64.95936,-17.79976,20.43,145.503,P21MbnG_1_20231021_013240,1697877160,50694.8,0.03056,0.06525,TMO,PMUSBCam00,0,0
8396272478323364722,373,9.71,9.59,81.954,46.7493,GREEN,1,3.0,82.05414,46.70704,20.45,140.371,C9QZQY2_1_20231021_020637,1697879197,50694.8,0.04159,0.06592,TMO,PMUSBCam00,0,0
213536594377960917,374,14.35,7.52,82.683,-3.7356,GREEN,1,3.0,82.39729,-3.54463,20.48,141.105,P21Mi1d_1_20231021_024520,1697881521,50229.9,0.03101,0.0465,TMO,PMUSBCam00,0,0
-4828719415735902374,375,8.69,3.82,108.2235,44.5681,ORANGE,1,1.0,111.70135,43.38835,20.49,136.217,C9QYKL2_1_20231021_031940,1697883580,50229.9,0.04439,0.05627,TMO,PMUSBCam00,0,0
-6286910677374088837,376,2.38,3.19,112.5405,40.9897,GREEN,1,3.0,117.05487,40.14864,20.48,135.728,P21MtNb_1_20231021_033903,1697884743,50380.9,0.04495,0.05556,TMO,PMUSBCam00,0,0
4545237887231523751,377,30.66,27.8,121.1535,34.1031,ORANGE,1,1.0,125.82046,29.81991,20.46,134.506,C9QZZH2_1_20231021_041255,1697886776,50380.9,0.04824,0.04586,TMO,PMUSBCam00,0,0
2398659244829533801,378,34.73,13.67,117.3735,49.3504,GREEN,1,3.0,118.25194,49.50404,20.46,133.773,C9R0402_1_20231021_043147,1697887907,50328.7,0.03562,0.05702,TMO,PMUSBCam00,0,0
7233249848791139592,379,3.28,7.24,49.4445,29.3718,ORANGE,1,3.0,49.63501,29.15686,19.59,135.728,C9R4W72_1_20231024_231153,1698214313,49543.9,0.04648,0.04461,TMO,PMUSBCam00,0,0
-4002076950325670962,380,1.97,0.45,29.0295,10.6193,GREEN,1,3.0,30.29897,10.81512,19.65,134.995,P11MKAf_1_20231024_234534,1698216334,49543.9,0.01709,0.03399,TMO,PMUSBCam00,0,0
-8888809690501218497,381,41.54,45.11,18.678,32.6026,GREEN,1,3.0,18.59614,32.57544,19.72,137.195,C9R3T72_2_20231025_002350,1698218630,49476.8,0.00665,0.06531,TMO,PMUSBCam00,0,0
4045335076554800431,382,6.83,24.8,16.926,14.8233,GREEN,1,3.0,15.65899,19.22568,19.78,139.15,C9RA6J2_1_20231025_005804,1698220684,49476.8,0.0049,-0.00837,TMO,PMUSBCam00,0,0
7267680561097886670,383,2.52,1.42,89.445,30.5696,GREEN,1,2.0,87.98395,29.89573,19.9,136.706,C9RKE32_1_20231025_013742,1698223063,49435.0,0.0491,0.02556,TMO,PMUSBCam00,0,0
-6286910677374088837,384,2.38,3.19,112.5405,40.9897,GREEN,1,3.0,113.95142,40.81623,20.98,131.329,P21MtNb_1_20231025_035105,1698231066,49600.9,0.0373,0.07392,TMO,PMUSBCam00,0,0
-2473880184386393742,385,31.93,52.55,113.8185,16.9687,GREEN,1,2.0,112.37426,19.2822,20.94,129.374,C9R77L2_1_20231025_042423,1698233064,49600.9,0.0261,0.0291,TMO,PMUSBCam00,0,0
-4162420444600635905,386,0.63,0.4,29.433,49.1491,GREEN,1,1.0,29.38666,49.05779,18.76,138.905,P11MLQO_1_20231026_230954,1698386994,49310.4,0.02874,0.03764,TMO,PMUSBCam00,0,0
7267680561097886670,387,2.52,1.42,89.445,30.5696,GREEN,1,2.0,89.71375,30.72418,18.89,145.015,C9RKE32_1_20231027_011154,1698394315,49359.5,0.05433,0.05808,TMO,PMUSBCam00,0,0
-6286910677374088837,388,2.38,3.19,112.5405,40.9897,GREEN,1,3.0,112.33833,41.10333,19.13,143.548,P21MtNb_1_20231027_024205,1698399725,49284.4,0.05029,0.07025,TMO,PMUSBCam00,0,0
4033861317910260752,389,6.02,3.3,56.061,16.9169,ORANGE,-1,1.0,66.20088,23.364,18.44,0.94,M45F201_1_20231128_215137,1701237115,48391.3,19229.0,19229.0,TMO,PMUSBCam00,0,0
8915834845002670059,390,0.0,0.0,26.7525,-18.2081,GREEN,-1,2.0,32.07893,-17.28395,18.07,1.123,P11OiVE_1_20231128_221732,1701238669,48391.3,19229.0,19229.0,TMO,PMUSBCam00,0,0
4033861317910260752,391,6.02,3.3,56.061,16.9169,ORANGE,1,1.0,63.27593,21.56649,19.6,1.489,M45F201_1_20231201_211159,1701493938,48303.8,0.03898,-0.01269,TMO,PMUSBCam00,0,0
8915834845002670059,392,0.0,0.0,26.7525,-18.2081,GREEN,0,2.0,26.65637,-18.23961,19.5,1.489,P11OiVE_1_20231201_212128,1701494507,48303.8,19229.0,19229.0,TMO,PMUSBCam00,0,0
4033861317910260752,393,6.02,3.3,56.061,16.9169,ORANGE,1,1.0,62.14931,20.8621,19.7,1.489,M45F201_1_20231202_203115,1701577893,48625.8,0.04933,0.00495,TMO,PMUSBCam00,0,0
3991197899824560327,394,12.89,9.09,24.4245,28.3749,GREEN,-1,2.0,24.38685,28.36906,19.7,1.489,C9XHCD2_1_20231202_204232,1701578570,48625.8,19229.0,19229.0,TMO,PMUSBCam00,0,0
3991197899824560327,395,12.89,9.09,24.4245,28.3749,GREEN,-1,2.0,33.57155,35.42297,19.54,1.489,C9XJY52_1_20231202_210456,1701579914,48625.8,19229.0,19229.0,TMO,PMUSBCam00,0,0
-6899425870594043550,396,61.98,35.82,33.531,35.4789,ORANGE,-1,3.0,33.57155,35.42297,19.54,1.489,C9XJY52_1_20231202_210456,1701579914,48625.8,19229.0,19229.0,TMO,PMUSBCam00,0,0
-6899425870594043550,397,61.98,35.82,33.531,35.4789,ORANGE,-1,3.0,22.11431,35.49894,19.41,1.489,C9XH3H2_1_20231202_213806,1701581904,48625.8,19229.0,19229.0,TMO,PMUSBCam00,0,0
-3469217145882926450,398,0.19,0.53,21.3375,36.3037,ORANGE,-1,1.0,22.11431,35.49894,19.41,1.489,C9XH3H2_1_20231202_213806,1701581904,48625.8,19229.0,19229.0,TMO,PMUSBCam00,0,0
2496230119609276762,399,31.66,12.61,124.425,21.9411,BLACK,1,2.0,120.04231,23.52688,20.24,1.489,A10YxD2_1_20231204_235422,1701762881,49167.9,0.05031,0.02565,TMO,PMUSBCam00,0,0
2496230119609276762,400,31.66,12.61,124.425,21.9411,BLACK,0,2.0,34.49254,12.45,-1.0,19229.0,test_20231205_001551,1701764169,-1.0,19229.0,19229.0,TMO,PMUSBCam00,0,0
-3659727339826336808,401,0.5,0.2,93.75,7.8463,ORANGE,0,3.0,85.97826,6.14609,20.06,1.489,P21OOWE_1_20231205_011859,1701767958,48822.0,19229.0,19229.0,TMO,PMUSBCam00,0,0
-3115362143157992399,402,0.51,0.58,66.9225,4.2432,ORANGE,0,1.0,86.82609,10.69709,-1.0,19229.0,test_20231205_222737,1701844075,-1.0,19229.0,19229.0,TMO,PMUSBCam00,0,0
-6655285980107049292,403,1.85,0.46,86.721,10.7433,ORANGE,0,1.0,86.82609,10.69709,-1.0,19229.0,test_20231205_222737,1701844075,-1.0,19229.0,19229.0,TMO,PMUSBCam00,0,0
-3659727339826336808,404,0.5,0.2,93.75,7.8463,ORANGE,0,3.0,86.82609,10.69709,-1.0,19229.0,test_20231205_222737,1701844075,-1.0,19229.0,19229.0,TMO,PMUSBCam00,0,0
-3659727339826336808,405,0.5,0.2,93.75,7.8463,ORANGE,0,3.0,86.82609,10.69709,-1.0,19229.0,test_20231205_222737,1701844075,-1.0,19229.0,19229.0,TMO,PMUSBCam00,0,0
-6034852538195953477,406,0.27,0.33,72.6105,-23.5081,GREEN,1,2.0,72.61899,-23.45954,20.28,6.799,P11OWeU_1_20231205_223455,1701844514,49463.3,0.02066,0.04066,TMO,PMUSBCam00,0,0
-6034852538195953477,407,0.27,0.33,72.6105,-23.5081,GREEN,1,2.0,72.61687,-23.45843,20.28,6.799,P11OWeU_1_20231205_224301,1701844999,49463.3,0.02066,0.04066,TMO,PMUSBCam00,0,0
6422543136794657722,408,0.28,1.17,88.362,1.2354,GREEN,1,2.0,88.39444,1.16654,20.31,6.799,P21OOPT_1_20231205_230235,1701846174,49463.3,0.03272,0.05958,TMO,PMUSBCam00,0,0
6422543136794657722,409,0.28,1.17,88.362,1.2354,GREEN,0,2.0,239.01031,34.4512,-1.0,19229.0,test_20231206_104627,1701888406,-1.0,19229.0,19229.0,TMO,PMUSBCam00,0,0
8741416922232387596,410,22.28,12.49,105.2895,25.7442,ORANGE,0,1.0,239.01031,34.4512,-1.0,19229.0,test_20231206_104627,1701888406,-1.0,19229.0,19229.0,TMO,PMUSBCam00,0,0
-6800134288587162116,411,1.42,1.17,67.8105,-6.4977,ORANGE,0,2.0,239.01031,34.4512,-1.0,19229.0,test_20231206_104627,1701888406,-1.0,19229.0,19229.0,TMO,PMUSBCam00,0,0
-6800134288587162116,412,1.42,1.17,67.8105,-6.4977,ORANGE,0,2.0,239.01031,34.4512,-1.0,19229.0,test_20231206_104627,1701888406,-1.0,19229.0,19229.0,TMO,PMUSBCam00,0,0
2496230119609276762,413,31.66,12.61,124.425,21.9411,BLACK,0,3.0,239.01031,34.4512,-1.0,19229.0,test_20231206_104627,1701888406,-1.0,19229.0,19229.0,TMO,PMUSBCam00,0,0
2496230119609276762,414,31.66,12.61,124.425,21.9411,BLACK,0,3.0,239.01031,34.4512,-1.0,19229.0,test_20231206_104627,1701888406,-1.0,19229.0,19229.0,TMO,PMUSBCam00,0,0
3247454755464625625,415,0.45,0.34,124.1925,11.4474,GREEN,0,1.0,239.01031,34.4512,-1.0,19229.0,test_20231206_104627,1701888406,-1.0,19229.0,19229.0,TMO,PMUSBCam00,0,0
-3880957409478590020,416,0.85,0.99,77.955,18.1117,RED,0,1.0,239.01031,34.4512,-1.0,19229.0,test_20231206_104627,1701888406,-1.0,19229.0,19229.0,TMO,PMUSBCam00,0,0
-5702631987517154459,417,1.29,3.54,78.6255,-6.3305,GREEN,0,3.0,239.01031,34.4512,-1.0,19229.0,test_20231206_104627,1701888406,-1.0,19229.0,19229.0,TMO,PMUSBCam00,0,0
-5702631987517154459,418,1.29,3.54,78.6255,-6.3305,GREEN,0,3.0,239.01031,34.4512,-1.0,19229.0,test_20231206_104627,1701888406,-1.0,19229.0,19229.0,TMO,PMUSBCam00,0,0
6964156915505511647,419,1.3,0.57,77.3685,-5.949,ORANGE,0,2.0,239.01031,34.4512,-1.0,19229.0,test_20231206_104627,1701888406,-1.0,19229.0,19229.0,TMO,PMUSBCam00,0,0
6964156915505511647,420,1.3,0.57,77.3685,-5.949,ORANGE,0,2.0,239.01031,34.4512,-1.0,19229.0,test_20231206_104627,1701888406,-1.0,19229.0,19229.0,TMO,PMUSBCam00,0,0
-1895702333952663846,421,1.79,0.63,145.848,-9.9909,ORANGE,0,1.0,239.01031,34.4512,-1.0,19229.0,test_20231206_104627,1701888406,-1.0,19229.0,19229.0,TMO,PMUSBCam00,0,0
-6114657498501162409,422,21.59,45.62,89.286,0.8409,GREEN,0,3.0,239.01031,34.4512,-1.0,19229.0,test_20231206_104627,1701888406,-1.0,19229.0,19229.0,TMO,PMUSBCam00,0,0
-6114657498501162409,423,21.59,45.62,89.286,0.8409,GREEN,0,3.0,239.01031,34.4512,-1.0,19229.0,test_20231206_104627,1701888406,-1.0,19229.0,19229.0,TMO,PMUSBCam00,0,0
-3179170120429411412,424,1.42,0.43,68.8305,24.0734,ORANGE,0,1.0,239.01031,34.4512,-1.0,19229.0,test_20231206_104627,1701888406,-1.0,19229.0,19229.0,TMO,PMUSBCam00,0,0
5206819720494383507,425,0.78,0.08,76.8645,38.785,RED,0,1.0,239.01031,34.4512,-1.0,19229.0,test_20231206_104627,1701888406,-1.0,19229.0,19229.0,TMO,PMUSBCam00,0,0
1569723567992713263,426,0.27,0.42,73.365,10.2696,GREEN,0,1.0,86.49009,15.80211,-1.0,19229.0,test_20231206_212519,1701926719,-1.0,19229.0,19229.0,TMO,PMUSBCam00,0,0
2544539508446882287,427,0.15,0.11,86.4825,15.8433,ORANGE,0,2.0,86.49009,15.80211,-1.0,19229.0,test_20231206_212519,1701926719,-1.0,19229.0,19229.0,TMO,PMUSBCam00,0,0
767090844854871858,428,10.62,2.0,59.6505,8.0688,GREEN,0,3.0,59.70824,8.10162,-1.0,19229.0,test10_20231206_223027,1701930628,-1.0,19229.0,19229.0,TMO,PMUSBCam00,0,0
6964156915505511647,429,1.3,0.57,77.3685,-5.949,ORANGE,0,3.0,59.70824,8.10162,-1.0,19229.0,test10_20231206_223027,1701930628,-1.0,19229.0,19229.0,TMO,PMUSBCam00,0,0
-793870250289197228,430,0.77,0.87,22.641,16.3533,GREEN,1,2.0,22.70383,16.41302,20.0,-2.722,P11Qwdq_1_20240108_195653,1704772613,47574.9,-0.00401,0.00015,TMO,PMUSBCam00,0,0
1236763124844620401,431,8.6,8.49,104.2845,40.8511,GREEN,-1,3.0,104.24798,40.84603,20.01,-2.905,P11QD4g_1_20240108_202103,1704774063,47574.9,19229.0,19229.0,TMO,PMUSBCam00,0,0
-5666757138979852694,432,0.0,0.04,112.251,37.7778,GREEN,1,2.0,112.30915,37.72455,19.98,-2.539,P11QD3F_1_20240108_205854,1704776335,47775.8,0.04312,0.08238,TMO,PMUSBCam00,0,0
-495749510660868699,433,99.88,24.54,95.8425,21.0661,GREEN,1,1.0,101.69215,22.67537,20.0,-2.081,A112amf_1_20240108_212135,1704777695,47775.8,0.03027,0.03839,TMO,PMUSBCam00,0,0
6666157926308206493,434,1.38,1.05,122.316,3.8453,GREEN,1,3.0,122.83261,4.22816,20.02,-1.99,P11QAi9_1_20240108_212937,1704778177,47775.8,0.05643,0.07202,TMO,PMUSBCam00,0,0
-3782014178407426771,435,77.78,34.68,125.745,5.2403,GREEN,1,3.0,125.68108,5.26148,20.01,-1.624,P11QAi6_1_20240108_220742,1704780462,48014.1,0.0462,0.06835,TMO,PMUSBCam00,0,0
8171746804619733363,436,48.45,18.82,136.8255,44.1703,ORANGE,1,1.0,138.53389,43.77338,19.99,-1.44,gb00669_1_20240108_224040,1704782440,48014.1,0.0418,0.08129,TMO,PMUSBCam00,0,0
1494841309239044739,437,0.87,0.53,138.6525,39.3653,ORANGE,1,1.0,139.41965,39.01849,19.97,-1.44,A112amn_1_20240108_225349,1704783230,48014.1,0.04126,0.07733,TMO,PMUSBCam00,0,0
5308730257097515296,438,0.26,0.47,45.9855,-2.4347,GREEN,-1,1.0,45.91198,-1.41598,20.0,-1.44,P21Qyvh_1_20240108_230215,1704783735,48014.1,19229.0,19229.0,TMO,PMUSBCam00,0,0
1253068933321249496,439,11.79,1.6,151.023,40.8143,GREEN,1,3.0,150.79102,40.92314,20.03,-1.349,P11QxQK_1_20240108_234302,1704786182,48014.1,0.04294,0.08401,TMO,PMUSBCam00,0,0
3523889232618794191,440,0.74,0.77,150.705,48.6553,GREEN,1,3.0,150.35229,48.432,20.22,-1.44,P11Qd4W_1_20240109_002027,1704788427,48014.1,0.03423,0.07372,TMO,PMUSBCam00,0,0
6810720062810802907,441,0.04,0.06,176.298,11.4904,GREEN,1,1.0,176.61031,12.18335,20.24,-1.44,A112aeh_1_20240109_010537,1704791137,48014.1,0.05621,0.06033,TMO,PMUSBCam00,0,0
-495749510660868699,442,99.88,24.54,95.8425,21.0661,GREEN,1,3.0,98.36307,21.80543,20.17,2.954,A112amf_1_20240109_194150,1704858110,48589.4,0.0634,0.05538,TMO,PMUSBCam00,0,0
-6880670853193357935,443,1.3,8.75,104.568,38.4654,ORANGE,1,1.0,104.68105,38.58334,20.2,2.039,Sar2726_1_20240109_201513,1704860113,48589.4,0.05306,0.09222,TMO,PMUSBCam00,0,0
-959787645907442109,444,1.84,1.02,107.295,39.3634,ORANGE,1,2.0,107.38711,39.43986,20.2,1.672,Sar2727_1_20240109_202814,1704860894,48589.4,0.05204,0.07877,TMO,PMUSBCam00,0,0
3468762500329676218,445,0.72,0.76,24.582,19.108,GREEN,1,3.0,23.89807,18.49796,20.22,1.306,CA3XX92_1_20240109_205620,1704862580,48319.5,-0.00052,0.00029,TMO,PMUSBCam00,0,0
3061210745791669470,446,0.66,0.5,116.43,25.2009,GREEN,1,2.0,116.41513,25.17271,20.22,2.039,gb00670_1_20240109_212911,1704864551,48319.5,0.05096,0.02155,TMO,PMUSBCam00,0,0
-808210702746088117,447,0.05,0.03,120.057,36.6966,ORANGE,1,1.0,120.32234,36.23923,20.21,1.855,Sar2728_1_20240109_215159,1704865919,48319.5,0.04653,0.09103,TMO,PMUSBCam00,0,0
6666157926308206493,448,1.38,1.05,122.316,3.8453,GREEN,1,3.0,122.33025,3.89541,20.21,1.672,P11QAi9_1_20240109_220503,1704866703,48469.5,0.04937,0.07544,TMO,PMUSBCam00,0,0
-3482584614596485368,449,0.58,0.32,101.5485,-29.6931,ORANGE,1,1.0,101.3672,-29.72335,20.22,1.489,A112cOv_1_20240109_223744,1704868664,48469.5,0.00948,0.04979,TMO,PMUSBCam00,0,0
-4027125905996387327,450,0.88,0.62,34.7925,9.172,ORANGE,1,1.0,34.78176,9.14813,19.8,0.574,gb00675_1_20240110_192319,1704943399,48289.5,0.00601,0.03506,TMO,PMUSBCam00,0,0
3578446390901451097,451,323.23,2156.8,73.4175,27.5473,GREEN,-1,2.0,72.66763,20.40009,19.79,-0.342,CA437M2_1_20240110_193747,1704944267,48289.5,19229.0,19229.0,TMO,PMUSBCam00,0,0
-8425768817094510002,452,0.69,0.3,101.13,43.587,ORANGE,1,1.0,101.22364,43.61414,19.78,-0.891,Sar2729_1_20240110_200052,1704945652,48289.5,0.05176,0.08,TMO,PMUSBCam00,0,0
3468762500329676218,453,0.72,0.76,24.582,19.108,GREEN,1,3.0,24.60145,19.12496,19.78,-1.074,CA3XX92_1_20240110_201401,1704946441,47909.5,0.00133,-0.00592,TMO,PMUSBCam00,0,0
1761254754111881203,454,0.34,0.52,114.2805,33.3577,GREEN,1,3.0,115.59081,34.99395,19.77,-0.525,Sar2731_1_20240110_210013,1704949213,48347.5,0.05368,0.08882,TMO,PMUSBCam00,0,0
-1480757055530423256,455,36.89,61.71,119.463,13.9071,GREEN,1,3.0,119.60833,13.7234,19.75,-0.891,CA4AT32_1_20240110_213323,1704951203,48347.5,0.05209,0.0544,TMO,PMUSBCam00,0,0
-764563247022171778,456,0.68,0.7,123.765,26.3071,GREEN,1,1.0,124.17689,26.68211,19.73,-1.074,gb00676_1_20240110_221056,1704953456,48347.5,0.04491,0.04802,TMO,PMUSBCam00,0,0
-7394591954183996408,457,2.34,1.15,117.339,32.9066,ORANGE,1,2.0,118.3166,32.66285,19.73,-1.074,Sar2730_1_20240110_222352,1704954232,48347.5,0.03549,0.0646,TMO,PMUSBCam00,0,0
-4258468239154711194,458,0.31,0.14,126.8235,20.7794,ORANGE,1,1.0,126.56411,20.89529,19.73,-1.257,CA4GMY2_1_20240110_224641,1704955601,48347.5,0.03905,0.03713,TMO,PMUSBCam00,0,0
6566073891979433803,459,0.18,0.31,86.0505,16.1749,GREEN,1,1.0,86.03935,16.35239,19.18,-1.715,CA4YQG2_1_20240111_200205,1705032126,47751.0,0.03976,0.03623,TMO,PMUSBCam00,0,0
5268240537667009833,460,0.46,0.06,81.8685,10.2137,GREEN,-1,2.0,82.10082,10.2041,19.22,-2.173,CA4Y072_1_20240111_201627,1705032987,47751.0,19229.0,19229.0,TMO,PMUSBCam00,0,0
-3091961594837052040,461,31.31,15.9,43.23,-4.2488,GREEN,1,1.0,40.7909,-4.02003,19.35,-2.356,4AA1321_1_20240111_203858,1705034338,47751.0,-0.00078,-0.00373,TMO,PMUSBCam00,0,0
1761254754111881203,462,0.34,0.52,114.2805,33.3577,GREEN,-1,2.0,114.20191,33.23806,18.85,-2.356,Sar2731_1_20240111_205248,1705035168,47751.0,19229.0,19229.0,TMO,PMUSBCam00,0,0
4247458273668106873,463,0.48,0.57,152.646,13.0674,ORANGE,1,2.0,152.46544,13.41087,19.22,-0.525,CA599Z2_1_20240111_232150,1705044110,48051.2,0.0592,0.03088,TMO,PMUSBCam00,0,0
-8846974090458736082,464,58.64,10.26,134.2995,61.7082,GREEN,1,1.0,133.06577,61.04065,20.39,-0.708,C42TWF1_1_20240111_234514,1705045514,48051.2,0.03407,0.07341,TMO,PMUSBCam00,0,0
-7555075152967043845,465,0.63,0.58,162.408,17.0195,GREEN,1,1.0,162.21607,17.55265,18.9,-0.708,CA59WZ2_1_20240111_235619,1705046179,48051.2,0.05892,0.0366,TMO,PMUSBCam00,0,0
-440469744763733907,466,15.48,3.91,168.915,17.4765,ORANGE,-1,2.0,164.06203,16.13213,18.88,-0.525,CA593G2_1_20240112_001605,1705047365,48051.1,19229.0,19229.0,TMO,PMUSBCam00,0,0
-1001164656401247435,467,1.26,12.86,179.1765,28.8458,GREEN,1,1.0,179.24574,29.22142,19.43,-0.342,gb00678_1_20240112_010631,1705050391,48051.1,0.05458,0.05023,TMO,PMUSBCam00,0,0
6310001377428576953,468,1.64,0.78,123.0675,32.9374,ORANGE,-1,1.0,123.36688,32.89405,19.71,2.405,SaMar47_1_20240112_221658,1705126619,48611.9,19229.0,19229.0,TMO,PMUSBCam00,0,0
1396246639030513655,469,1.08,0.78,106.8285,39.2393,GREEN,1,1.0,106.67965,39.13276,19.72,1.947,SaMar46_1_20240112_223044,1705127444,48611.9,0.02382,0.0817,TMO,PMUSBCam00,0,0
-1264026447255565218,470,0.64,0.29,104.4855,48.6042,ORANGE,1,1.0,104.40599,48.6077,19.73,1.855,Sar2733_1_20240112_223943,1705127983,48611.9,0.023,0.05246,TMO,PMUSBCam00,0,0
1756131681364844694,471,1.41,1.73,102.3165,50.306,RED,1,1.0,102.09669,50.656,19.76,1.672,SaMar45_1_20240112_225327,1705128807,48611.9,0.02075,0.00278,TMO,PMUSBCam00,0,0
6310001377428576953,472,1.64,0.78,123.0675,32.9374,ORANGE,-1,1.0,123.71514,32.84716,20.26,1.489,SaMar47_2_20240112_230753,1705129673,48611.9,19229.0,19229.0,TMO,PMUSBCam00,0,0
-1264026447255565218,473,0.64,0.29,104.4855,48.6042,ORANGE,1,1.0,104.28403,48.49547,20.31,1.489,Sar2733_2_20240112_232626,1705130786,48248.0,0.01523,-0.0066,TMO,PMUSBCam00,0,0
1396246639030513655,474,1.08,0.78,106.8285,39.2393,GREEN,1,1.0,106.36245,38.7342,20.31,1.672,SaMar46_2_20240112_234012,1705131612,48248.0,0.01151,-0.01297,TMO,PMUSBCam00,0,0
1756131681364844694,475,1.41,1.73,102.3165,50.306,RED,1,1.0,101.77713,50.85809,21.1,1.672,SaMar45_2_20240112_234912,1705132152,48248.0,0.0132,-0.02305,TMO,PMUSBCam00,0,0
-3474901447011854531,476,121920.87,55266.49,77.583,14.0027,GREEN,-1,3.0,77.60407,13.851,19.92,6.799,C0PXA85_1_20240116_190452,1705460692,49191.9,19229.0,19229.0,TMO,PMUSBCam00,0,0
-3474901447011854531,477,121920.87,55266.49,77.583,14.0027,GREEN,1,3.0,77.62465,13.96362,20.08,6.25,C0PXA85_2_20240116_193947,1705462787,49191.9,0.03002,0.04257,TMO,PMUSBCam00,0,0
-3745228937957071218,478,0.54,0.03,90.294,-15.9471,GREEN,1,1.0,90.30989,-15.94911,20.06,6.067,CA69F12_1_20240116_201734,1705465054,49191.9,0.03409,0.05802,TMO,PMUSBCam00,0,0
-3745228937957071218,479,0.54,0.03,90.294,-15.9471,GREEN,1,1.0,90.38015,-15.85976,18.86,6.067,CA69F12_2_20240116_205351,1705467231,49191.9,0.02165,0.05632,TMO,PMUSBCam00,0,0
3047305367778351018,480,1.08,0.44,126.8625,36.3718,ORANGE,1,2.0,127.04743,36.34141,19.83,6.25,Sar2734_1_20240116_212106,1705468866,49247.0,0.05434,0.09425,TMO,PMUSBCam00,0,0
2368172982753335943,481,1.21,0.29,130.2285,34.8831,GREEN,1,1.0,130.21256,34.73281,19.65,5.426,Sar2735_1_20240116_214520,1705470320,49247.0,0.05071,0.09675,TMO,PMUSBCam00,0,0
-5414336352649334648,482,0.41,0.71,134.6535,24.7432,ORANGE,1,1.0,134.60676,24.14019,19.81,5.334,C0PYVE5_1_20240116_215918,1705471158,49247.0,0.05469,0.06708,TMO,PMUSBCam00,0,0
-3721408097004637519,483,3.37,4.08,141.1545,32.2766,ORANGE,1,1.0,142.22019,33.61761,19.71,5.151,ST24A16_1_20240116_221820,1705472300,48951.9,0.05519,0.07647,TMO,PMUSBCam00,0,0
2368172982753335943,484,1.21,0.29,130.2285,34.8831,GREEN,1,1.0,130.15128,34.58698,19.8,5.151,Sar2735_2_20240116_223208,1705473129,49114.8,0.04047,0.09488,TMO,PMUSBCam00,0,0
-3721408097004637519,485,3.37,4.08,141.1545,32.2766,ORANGE,-1,1.0,142.48014,33.976,19.6,4.968,ST24A16_2_20240116_225421,1705474461,49114.8,19229.0,19229.0,TMO,PMUSBCam00,0,0
